kernel,shape_tag,M,N,K,dtype,BM,BN,BK,stages,warps,group_m,flatten,ws,num_sms,ms,tflops
ws,"n,n,n//8",2048,2048,256,bf16,64,64,64,2,4,8,0,0,0,0.022486857005528042,95.49950210792352
persistent,"n,n,n//8",2048,2048,256,bf16,64,64,64,2,4,8,1,132,0,0.0030967843600128797,693.4559847722392
ws,"n,n,n//8",2048,2048,256,bf16,64,64,64,2,4,8,0,0,0,0.022284042911343678,96.36867315969961
persistent,"n,n,n//8",2048,2048,256,bf16,64,64,64,2,4,8,1,132,1,1.719059205055237,1.2492202954295557
ws,"n,n,n//8",2048,2048,256,bf16,64,64,64,2,8,8,0,0,0,0.024013976919753797,89.42640592918572
persistent,"n,n,n//8",2048,2048,256,bf16,64,64,64,2,8,8,1,132,0,0.0030967547483566516,693.4626157074921
ws,"n,n,n//8",2048,2048,256,bf16,64,64,64,2,8,8,0,0,0,0.02379905372377365,90.23399303707646
persistent,"n,n,n//8",2048,2048,256,bf16,64,64,64,2,8,8,1,132,1,2.2018880248069763,0.975291942099669
ws,"n,n,n//8",2048,2048,256,bf16,64,64,64,3,4,8,0,0,0,0.022178545509549705,96.82707313134352
persistent,"n,n,n//8",2048,2048,256,bf16,64,64,64,3,4,8,1,132,0,0.003117333371105983,688.8848231326973
ws,"n,n,n//8",2048,2048,256,bf16,64,64,64,3,4,8,0,0,0,0.021956425615923203,97.80661413498039
persistent,"n,n,n//8",2048,2048,256,bf16,64,64,64,3,4,8,1,132,1,1.5211040178934734,1.411792765476998
ws,"n,n,n//8",2048,2048,256,bf16,64,64,64,3,8,8,0,0,0,0.023201438273941534,92.55821223858888
persistent,"n,n,n//8",2048,2048,256,bf16,64,64,64,3,8,8,1,132,0,0.003091738376522733,694.5877647044855
ws,"n,n,n//8",2048,2048,256,bf16,64,64,64,3,8,8,0,0,0,0.023193118352723377,92.59141506290113
persistent,"n,n,n//8",2048,2048,256,bf16,64,64,64,3,8,8,1,132,1,1.7167679786682128,1.2508875250958
ws,"n,n,n//8",2048,2048,256,bf16,64,64,64,4,4,8,0,0,0,0.02510274163960071,85.54777318076871
persistent,"n,n,n//8",2048,2048,256,bf16,64,64,64,4,4,8,1,132,0,0.003110222251119989,690.4598689777531
ws,"n,n,n//8",2048,2048,256,bf16,64,64,64,4,4,8,0,0,0,0.025033391323750435,85.7847672425659
persistent,"n,n,n//8",2048,2048,256,bf16,64,64,64,4,4,8,1,132,1,1.398314654827118,1.5357656737606789
ws,"n,n,n//8",2048,2048,256,bf16,64,64,64,4,8,8,0,0,0,0.026692517649601486,80.45264505171401
persistent,"n,n,n//8",2048,2048,256,bf16,64,64,64,4,8,8,1,132,0,0.0031037009843390122,691.9106121485296
ws,"n,n,n//8",2048,2048,256,bf16,64,64,64,4,8,8,0,0,0,0.02645973339676857,81.16044163401375
persistent,"n,n,n//8",2048,2048,256,bf16,64,64,64,4,8,8,1,132,1,1.8681663990020752,1.1495141167013434
ws,"n,n,n//8",2048,2048,256,bf16,64,64,64,5,4,8,0,0,0,0.028958457802613097,74.15738996315679
persistent,"n,n,n//8",2048,2048,256,bf16,64,64,64,5,4,8,1,132,0,0.0030988679741913417,692.9897194346886
ws,"n,n,n//8",2048,2048,256,bf16,64,64,64,5,4,8,0,0,0,0.02866013486231311,74.92929319128403
persistent,"n,n,n//8",2048,2048,256,bf16,64,64,64,5,4,8,1,132,1,1.4406560063362122,1.4906290179994794
ws,"n,n,n//8",2048,2048,256,bf16,64,64,64,5,8,8,0,0,0,0.030863199988380073,69.58071907023648
persistent,"n,n,n//8",2048,2048,256,bf16,64,64,64,5,8,8,1,132,0,0.003124114312231541,687.3895873759056
ws,"n,n,n//8",2048,2048,256,bf16,64,64,64,5,8,8,0,0,0,0.03085314953464201,69.60338508030756
persistent,"n,n,n//8",2048,2048,256,bf16,64,64,64,5,8,8,1,132,1,1.97598397731781,1.0867920350826845
ws,"n,n,n//8",2048,2048,256,bf16,64,128,64,2,4,8,0,0,0,0.01627389239447732,131.9588206647333
persistent,"n,n,n//8",2048,2048,256,bf16,64,128,64,2,4,8,1,132,0,0.003103703751953112,691.9099951625931
ws,"n,n,n//8",2048,2048,256,bf16,64,128,64,2,4,8,0,0,0,0.016256969713728236,132.09618310271887
persistent,"n,n,n//8",2048,2048,256,bf16,64,128,64,2,4,8,1,132,1,1.3677120208740234,1.570128517717985
ws,"n,n,n//8",2048,2048,256,bf16,64,128,64,2,8,8,0,0,0,0.016993078706639537,126.37401880336932
persistent,"n,n,n//8",2048,2048,256,bf16,64,128,64,2,8,8,1,132,0,0.0030948148600550163,693.8972911490492
ws,"n,n,n//8",2048,2048,256,bf16,64,128,64,2,8,8,0,0,0,0.017066020179878582,125.83388659835033
persistent,"n,n,n//8",2048,2048,256,bf16,64,128,64,2,8,8,1,132,1,1.203328013420105,1.784620339633257
ws,"n,n,n//8",2048,2048,256,bf16,64,128,64,3,4,8,0,0,0,0.019912347784670797,107.84683309183691
persistent,"n,n,n//8",2048,2048,256,bf16,64,128,64,3,4,8,1,132,0,0.003106055072072996,691.3862111809754
ws,"n,n,n//8",2048,2048,256,bf16,64,128,64,3,4,8,0,0,0,0.019671333429869264,109.16817894709806
persistent,"n,n,n//8",2048,2048,256,bf16,64,128,64,3,4,8,1,132,1,1.3087268556867326,1.6408952247511905
ws,"n,n,n//8",2048,2048,256,bf16,64,128,64,3,8,8,0,0,0,0.02067273557614321,103.8799940187037
persistent,"n,n,n//8",2048,2048,256,bf16,64,128,64,3,8,8,1,132,0,0.0031007706751585555,692.5644857274685
ws,"n,n,n//8",2048,2048,256,bf16,64,128,64,3,8,8,0,0,0,0.020676378964593536,103.86168930630336
persistent,"n,n,n//8",2048,2048,256,bf16,64,128,64,3,8,8,1,132,1,0.9192391104168363,2.3361534813572136
ws,"n,n,n//8",2048,2048,256,bf16,64,128,64,4,4,8,0,0,0,0.019671272867443888,109.16851504582107
persistent,"n,n,n//8",2048,2048,256,bf16,64,128,64,4,4,8,1,132,0,0.0030902400542981924,694.9245399279193
ws,"n,n,n//8",2048,2048,256,bf16,64,128,64,4,4,8,0,0,0,0.01988533339075123,107.99334392848579
persistent,"n,n,n//8",2048,2048,256,bf16,64,128,64,4,4,8,1,132,1,1.0525719970464706,2.040224948056631
ws,"n,n,n//8",2048,2048,256,bf16,64,128,64,4,8,8,0,0,0,0.021084651134388392,101.85056581265994
persistent,"n,n,n//8",2048,2048,256,bf16,64,128,64,4,8,8,1,132,0,0.00310822645474647,690.9032141852626
ws,"n,n,n//8",2048,2048,256,bf16,64,128,64,4,8,8,0,0,0,0.02133066668951263,100.6758803772329
persistent,"n,n,n//8",2048,2048,256,bf16,64,128,64,4,8,8,1,132,1,1.0324319899082184,2.0800243202372175
ws,"n,n,n//8",2048,2048,256,bf16,64,128,64,5,4,8,0,0,0,0.027180190508564312,79.00914628701153
persistent,"n,n,n//8",2048,2048,256,bf16,64,128,64,5,4,8,1,132,0,0.0031036952643522194,691.9118873122382
ws,"n,n,n//8",2048,2048,256,bf16,64,128,64,5,4,8,0,0,0,0.027206831475657025,78.93178042145166
persistent,"n,n,n//8",2048,2048,256,bf16,64,128,64,5,4,8,1,132,1,1.0334720015525818,2.077931133861239
ws,"n,n,n//8",2048,2048,256,bf16,64,128,64,5,8,8,0,0,0,0.031086987379608275,69.07982500126907
persistent,"n,n,n//8",2048,2048,256,bf16,64,128,64,5,8,8,1,132,0,0.003117333348200191,688.8848281945405
ws,"n,n,n//8",2048,2048,256,bf16,64,128,64,5,8,8,0,0,0,0.030817860412563004,69.68308699083377
persistent,"n,n,n//8",2048,2048,256,bf16,64,128,64,5,8,8,1,132,1,1.1372079998254776,1.8883824668218696
ws,"n,n,n//8",2048,2048,256,bf16,128,64,64,2,4,8,0,0,0,0.016518545485186307,130.00440322822885
persistent,"n,n,n//8",2048,2048,256,bf16,128,64,64,2,4,8,1,132,0,0.0030981539009819524,693.1494420981993
ws,"n,n,n//8",2048,2048,256,bf16,128,64,64,2,4,8,0,0,0,0.016556929232496204,129.7030154471606
persistent,"n,n,n//8",2048,2048,256,bf16,128,64,64,2,4,8,1,132,1,0.9514026708073087,2.257176392176576
ws,"n,n,n//8",2048,2048,256,bf16,128,64,64,2,8,8,0,0,0,0.01692368531746141,126.8921991703712
persistent,"n,n,n//8",2048,2048,256,bf16,128,64,64,2,8,8,1,132,0,0.0031072653435664822,691.1169181113911
ws,"n,n,n//8",2048,2048,256,bf16,128,64,64,2,8,8,0,0,0,0.01699461217741577,126.36261572675384
persistent,"n,n,n//8",2048,2048,256,bf16,128,64,64,2,8,8,1,132,1,1.2070491654532296,1.7791186220601467
ws,"n,n,n//8",2048,2048,256,bf16,128,64,64,3,4,8,0,0,0,0.020088363587009637,106.90187076207114
persistent,"n,n,n//8",2048,2048,256,bf16,128,64,64,3,4,8,1,132,0,0.003113538485754711,689.724459108286
ws,"n,n,n//8",2048,2048,256,bf16,128,64,64,3,4,8,0,0,0,0.02032833327151214,105.63992725411757
persistent,"n,n,n//8",2048,2048,256,bf16,128,64,64,3,4,8,1,132,1,0.8598112046718598,2.497622310957869
ws,"n,n,n//8",2048,2048,256,bf16,128,64,64,3,8,8,0,0,0,0.020423356422233856,105.14841946655473
persistent,"n,n,n//8",2048,2048,256,bf16,128,64,64,3,8,8,1,132,0,0.0031082667055584135,690.8942672646862
ws,"n,n,n//8",2048,2048,256,bf16,128,64,64,3,8,8,0,0,0,0.02043418943097717,105.09267594165132
persistent,"n,n,n//8",2048,2048,256,bf16,128,64,64,3,8,8,1,132,1,0.9347733325428433,2.297330885722047
ws,"n,n,n//8",2048,2048,256,bf16,128,64,64,4,4,8,0,0,0,0.019681454572657294,109.11203946193177
persistent,"n,n,n//8",2048,2048,256,bf16,128,64,64,4,4,8,1,132,0,0.0031120777175336787,690.0482066694274
ws,"n,n,n//8",2048,2048,256,bf16,128,64,64,4,4,8,0,0,0,0.01966733334120363,109.1903823840195
persistent,"n,n,n//8",2048,2048,256,bf16,128,64,64,4,4,8,1,132,1,0.8037818074226379,2.6717246249775197
ws,"n,n,n//8",2048,2048,256,bf16,128,64,64,4,8,8,0,0,0,0.02041312361533722,105.20112886528092
persistent,"n,n,n//8",2048,2048,256,bf16,128,64,64,4,8,8,1,132,0,0.003096990522352003,693.4098223746252
ws,"n,n,n//8",2048,2048,256,bf16,128,64,64,4,8,8,0,0,0,0.020392333312580984,105.30838306154583
persistent,"n,n,n//8",2048,2048,256,bf16,128,64,64,4,8,8,1,132,1,1.0448839962482452,2.0552364240535246
ws,"n,n,n//8",2048,2048,256,bf16,128,64,64,5,4,8,0,0,0,0.02751247045748374,78.05491881649098
persistent,"n,n,n//8",2048,2048,256,bf16,128,64,64,5,4,8,1,132,0,0.0031022222613467385,692.240422215181
ws,"n,n,n//8",2048,2048,256,bf16,128,64,64,5,4,8,0,0,0,0.027793617898158814,77.26535119928593
ws,"n,n,n//8",2048,2048,256,bf16,128,64,64,5,8,8,0,0,0,0.028715428519284443,74.78501135923543
persistent,"n,n,n//8",2048,2048,256,bf16,128,64,64,5,8,8,1,132,0,0.003103700969107101,691.9106155441921
ws,"n,n,n//8",2048,2048,256,bf16,128,64,64,5,8,8,0,0,0,0.028697887623912833,74.83072190339841
persistent,"n,n,n//8",2048,2048,256,bf16,128,64,64,5,8,8,1,132,1,1.1228199899196625,1.9125805269584235
ws,"n,n,n//8",2048,2048,256,bf16,128,128,64,2,4,8,0,0,0,0.01500387094233946,143.1286403524047
persistent,"n,n,n//8",2048,2048,256,bf16,128,128,64,2,4,8,1,132,0,0.003099889958003929,692.7612518809541
ws,"n,n,n//8",2048,2048,256,bf16,128,128,64,2,4,8,0,0,0,0.01502574258253421,142.92030069091
persistent,"n,n,n//8",2048,2048,256,bf16,128,128,64,2,4,8,1,132,1,0.7183706710735956,2.989381018006503
ws,"n,n,n//8",2048,2048,256,bf16,128,128,64,2,8,8,0,0,0,0.016388571340140407,131.03543947971744
persistent,"n,n,n//8",2048,2048,256,bf16,128,128,64,2,8,8,1,132,0,0.0031082264613360167,690.9032127205242
ws,"n,n,n//8",2048,2048,256,bf16,128,128,64,2,8,8,0,0,0,0.016363959552513227,131.23251992334477
persistent,"n,n,n//8",2048,2048,256,bf16,128,128,64,2,8,8,1,132,1,0.7746240008961071,2.772291647968214
ws,"n,n,n//8",2048,2048,256,bf16,128,128,64,3,4,8,0,0,0,0.014893714328306717,144.1872457509496
persistent,"n,n,n//8",2048,2048,256,bf16,128,128,64,3,4,8,1,132,0,0.003093747621022382,694.1366624115018
ws,"n,n,n//8",2048,2048,256,bf16,128,128,64,3,4,8,0,0,0,0.014994509810326146,143.2179961308979
persistent,"n,n,n//8",2048,2048,256,bf16,128,128,64,3,4,8,1,132,1,0.6924319962660471,3.1013639744846375
ws,"n,n,n//8",2048,2048,256,bf16,128,128,64,3,8,8,0,0,0,0.015029450540768576,142.88504041946047
persistent,"n,n,n//8",2048,2048,256,bf16,128,128,64,3,8,8,1,132,0,0.0031107047905347177,690.3527633140836
ws,"n,n,n//8",2048,2048,256,bf16,128,128,64,3,8,8,0,0,0,0.01509639599572609,142.25141209915066
persistent,"n,n,n//8",2048,2048,256,bf16,128,128,64,3,8,8,1,132,1,0.6503803088114812,3.301889093051352
ws,"n,n,n//8",2048,2048,256,bf16,128,128,64,4,4,8,0,0,0,0.019011164902822,112.95907741462119
persistent,"n,n,n//8",2048,2048,256,bf16,128,128,64,4,4,8,1,132,0,0.0030991698544964477,692.9222175042493
ws,"n,n,n//8",2048,2048,256,bf16,128,128,64,4,4,8,0,0,0,0.019040659838116047,112.78409814880028
persistent,"n,n,n//8",2048,2048,256,bf16,128,128,64,4,4,8,1,132,1,0.5348970691363016,4.014760543495858
ws,"n,n,n//8",2048,2048,256,bf16,128,128,64,4,8,8,0,0,0,0.020587272730401972,104.31122548975286
persistent,"n,n,n//8",2048,2048,256,bf16,128,128,64,4,8,8,1,132,0,0.0031107047927521523,690.3527628219726
ws,"n,n,n//8",2048,2048,256,bf16,128,128,64,4,8,8,0,0,0,0.020618441936216855,104.15353665632156
persistent,"n,n,n//8",2048,2048,256,bf16,128,128,64,4,8,8,1,132,1,0.6622670751351577,3.2426248089741354
ws,"n,n,n//8",2048,2048,256,bf16,128,128,64,5,4,8,0,0,0,0.019317932657144044,111.16529320780245
persistent,"n,n,n//8",2048,2048,256,bf16,128,128,64,5,4,8,1,132,0,0.003106769268365147,691.227272609805
ws,"n,n,n//8",2048,2048,256,bf16,128,128,64,5,4,8,0,0,0,0.019555000006221235,109.81762451121445
ws,"n,n,n//8",2048,2048,256,bf16,128,128,64,5,8,8,0,0,0,0.02113544816772143,101.60577769435184
persistent,"n,n,n//8",2048,2048,256,bf16,128,128,64,5,8,8,1,132,0,0.0031070769652545164,691.1588196928005
ws,"n,n,n//8",2048,2048,256,bf16,128,128,64,5,8,8,0,0,0,0.02087073684915116,102.89448156629607
persistent,"n,n,n//8",2048,2048,256,bf16,128,128,64,5,8,8,1,132,1,0.6942586700121561,3.0932039321344
ws,"n,n,n//8",2048,2048,256,bf16,256,64,64,2,4,8,0,0,0,0.01602545457849787,134.00453868443662
persistent,"n,n,n//8",2048,2048,256,bf16,256,64,64,2,4,8,1,132,0,0.0030965437452552965,693.5098692826474
ws,"n,n,n//8",2048,2048,256,bf16,256,64,64,2,4,8,0,0,0,0.016056960048153997,133.74160747487736
persistent,"n,n,n//8",2048,2048,256,bf16,256,64,64,2,4,8,1,132,1,0.7278319994608561,2.950521067486392
ws,"n,n,n//8",2048,2048,256,bf16,256,64,64,2,8,8,0,0,0,0.016323164852520267,131.56049500219513
persistent,"n,n,n//8",2048,2048,256,bf16,256,64,64,2,8,8,1,132,0,0.0031013084536366097,692.4443924569482
ws,"n,n,n//8",2048,2048,256,bf16,256,64,64,2,8,8,0,0,0,0.016291200015693903,131.81862882606873
persistent,"n,n,n//8",2048,2048,256,bf16,256,64,64,2,8,8,1,132,1,0.9381973346074423,2.288946652037275
ws,"n,n,n//8",2048,2048,256,bf16,256,64,64,3,4,8,0,0,0,0.01951004442655378,110.07066929469457
persistent,"n,n,n//8",2048,2048,256,bf16,256,64,64,3,4,8,1,132,0,0.0030969541729214266,693.4179610330592
ws,"n,n,n//8",2048,2048,256,bf16,256,64,64,3,4,8,0,0,0,0.019746969079541175,108.75003851729824
persistent,"n,n,n//8",2048,2048,256,bf16,256,64,64,3,4,8,1,132,1,0.6323052369631253,3.3962768651325224
ws,"n,n,n//8",2048,2048,256,bf16,256,64,64,3,8,8,0,0,0,0.020080000056292523,106.94639651293414
persistent,"n,n,n//8",2048,2048,256,bf16,256,64,64,3,8,8,1,132,0,0.00310095242180285,692.5238945625239
ws,"n,n,n//8",2048,2048,256,bf16,256,64,64,3,8,8,0,0,0,0.020091621165997102,106.8845380996126
persistent,"n,n,n//8",2048,2048,256,bf16,256,64,64,3,8,8,1,132,1,0.6987706571817398,3.073231003518614
ws,"n,n,n//8",2048,2048,256,bf16,256,64,64,4,4,8,0,0,0,0.019494252964511686,110.15983284455099
persistent,"n,n,n//8",2048,2048,256,bf16,256,64,64,4,4,8,1,132,0,0.0030966667206181833,693.4823284991097
ws,"n,n,n//8",2048,2048,256,bf16,256,64,64,4,4,8,0,0,0,0.019429608315383037,110.52634788832924
persistent,"n,n,n//8",2048,2048,256,bf16,256,64,64,4,4,8,1,132,1,0.5864457190036774,3.6618626045193006
ws,"n,n,n//8",2048,2048,256,bf16,256,64,64,4,8,8,0,0,0,0.019773818234997718,108.60237625726552
persistent,"n,n,n//8",2048,2048,256,bf16,256,64,64,4,8,8,1,132,0,0.0030870400578714907,695.6448921108871
ws,"n,n,n//8",2048,2048,256,bf16,256,64,64,4,8,8,0,0,0,0.020048000015473615,107.11710127406779
persistent,"n,n,n//8",2048,2048,256,bf16,256,64,64,4,8,8,1,132,1,0.7240773290395737,2.96582086176963
ws,"n,n,n//8",2048,2048,256,bf16,256,128,64,2,4,8,0,0,0,0.029764399980194867,72.14940161498059
persistent,"n,n,n//8",2048,2048,256,bf16,256,128,64,2,4,8,1,132,0,0.003117886824392766,688.7625398071465
ws,"n,n,n//8",2048,2048,256,bf16,256,128,64,2,4,8,0,0,0,0.029921454525637357,71.77069704816618
persistent,"n,n,n//8",2048,2048,256,bf16,256,128,64,2,4,8,1,132,1,0.5526890635490418,3.8855186209224626
ws,"n,n,n//8",2048,2048,256,bf16,256,128,64,2,8,8,0,0,0,0.018024269679791472,119.14400339935686
persistent,"n,n,n//8",2048,2048,256,bf16,256,128,64,2,8,8,1,132,0,0.003103372595254697,691.9838279437257
ws,"n,n,n//8",2048,2048,256,bf16,256,128,64,2,8,8,0,0,0,0.01798791831777412,119.38477871995008
persistent,"n,n,n//8",2048,2048,256,bf16,256,128,64,2,8,8,1,132,1,0.6734252342810998,3.188896908938226
ws,"n,n,n//8",2048,2048,256,bf16,256,128,64,3,4,8,0,0,0,0.028540049461118967,75.24456644427286
persistent,"n,n,n//8",2048,2048,256,bf16,256,128,64,3,4,8,1,132,0,0.003096685755909199,693.4780656713714
ws,"n,n,n//8",2048,2048,256,bf16,256,128,64,3,4,8,0,0,0,0.028424000007693063,75.55177481771656
persistent,"n,n,n//8",2048,2048,256,bf16,256,128,64,3,4,8,1,132,1,0.5084559991955757,4.223538814366468
ws,"n,n,n//8",2048,2048,256,bf16,256,128,64,3,8,8,0,0,0,0.01563112090781822,137.3851344804001
persistent,"n,n,n//8",2048,2048,256,bf16,256,128,64,3,8,8,1,132,0,0.00309777781755353,693.2335933943691
ws,"n,n,n//8",2048,2048,256,bf16,256,128,64,3,8,8,0,0,0,0.015338880065828562,140.0026363583148
persistent,"n,n,n//8",2048,2048,256,bf16,256,128,64,3,8,8,1,132,1,0.5715605258941651,3.757228763551187
ws,"n,n//8,n",2048,256,2048,bf16,64,64,64,2,4,8,0,0,0,0.032948465108178386,65.17704666816047
persistent,"n,n//8,n",2048,256,2048,bf16,64,64,64,2,4,8,1,132,0,0.003098666712870462,693.0347297695241
ws,"n,n//8,n",2048,256,2048,bf16,64,64,64,2,4,8,0,0,0,0.03272595347533392,65.62020109264634
persistent,"n,n//8,n",2048,256,2048,bf16,64,64,64,2,4,8,1,132,1,1.3294765608651298,1.6152850762578084
ws,"n,n//8,n",2048,256,2048,bf16,64,64,64,2,8,8,0,0,0,0.033639441785770795,63.83826645150717
persistent,"n,n//8,n",2048,256,2048,bf16,64,64,64,2,8,8,1,132,0,0.0030990345403552055,692.9524727897546
ws,"n,n//8,n",2048,256,2048,bf16,64,64,64,2,8,8,0,0,0,0.03368111626180106,63.75927778960037
persistent,"n,n//8,n",2048,256,2048,bf16,64,64,64,2,8,8,1,132,1,1.9126335859298706,1.1227888414162464
ws,"n,n//8,n",2048,256,2048,bf16,64,64,64,3,4,8,0,0,0,0.022763115834248695,94.3404964257556
persistent,"n,n//8,n",2048,256,2048,bf16,64,64,64,3,4,8,1,132,0,0.0031064828107101395,691.2910126514065
ws,"n,n//8,n",2048,256,2048,bf16,64,64,64,3,4,8,0,0,0,0.022567410492583324,95.15862037896464
persistent,"n,n//8,n",2048,256,2048,bf16,64,64,64,3,4,8,1,132,1,0.9739911092652215,2.2048287993306848
ws,"n,n//8,n",2048,256,2048,bf16,64,64,64,3,8,8,0,0,0,0.023050442122315107,93.16453179529356
persistent,"n,n//8,n",2048,256,2048,bf16,64,64,64,3,8,8,1,132,0,0.0031233103745135255,687.5665209335731
ws,"n,n//8,n",2048,256,2048,bf16,64,64,64,3,8,8,0,0,0,0.02333276597981123,92.03725138537449
persistent,"n,n//8,n",2048,256,2048,bf16,64,64,64,3,8,8,1,132,1,1.0319879949092865,2.0809192147518805
ws,"n,n//8,n",2048,256,2048,bf16,64,64,64,4,4,8,0,0,0,0.019082122501365994,112.53903478747044
persistent,"n,n//8,n",2048,256,2048,bf16,64,64,64,4,4,8,1,132,0,0.0031128276223798506,689.8819685871921
ws,"n,n//8,n",2048,256,2048,bf16,64,64,64,4,4,8,0,0,0,0.01912424490996161,112.29116015353887
persistent,"n,n//8,n",2048,256,2048,bf16,64,64,64,4,4,8,1,132,1,0.8734367907047271,2.458659482694009
ws,"n,n//8,n",2048,256,2048,bf16,64,64,64,4,8,8,0,0,0,0.0194635876675242,110.33339200784474
persistent,"n,n//8,n",2048,256,2048,bf16,64,64,64,4,8,8,1,132,0,0.0030995478833337193,692.837706927203
ws,"n,n//8,n",2048,256,2048,bf16,64,64,64,4,8,8,0,0,0,0.019727346981514474,108.85820835474235
persistent,"n,n//8,n",2048,256,2048,bf16,64,64,64,4,8,8,1,132,1,0.9441457788149515,2.274525498271488
ws,"n,n//8,n",2048,256,2048,bf16,64,64,64,5,4,8,0,0,0,0.017510141462388665,122.64227862537489
persistent,"n,n//8,n",2048,256,2048,bf16,64,64,64,5,4,8,1,132,0,0.0031169655508008496,688.9661156018365
ws,"n,n//8,n",2048,256,2048,bf16,64,64,64,5,4,8,0,0,0,0.01781919999048114,120.51515495348652
persistent,"n,n//8,n",2048,256,2048,bf16,64,64,64,5,4,8,1,132,1,0.8600992023944855,2.496786000988586
ws,"n,n//8,n",2048,256,2048,bf16,64,64,64,5,8,8,0,0,0,0.01821543432471126,117.89362854152205
persistent,"n,n//8,n",2048,256,2048,bf16,64,64,64,5,8,8,1,132,0,0.003097878313501892,693.2111047229771
ws,"n,n//8,n",2048,256,2048,bf16,64,64,64,5,8,8,0,0,0,0.01820127999410033,117.98530920331287
persistent,"n,n//8,n",2048,256,2048,bf16,64,64,64,5,8,8,1,132,1,0.9077728033065796,2.3656620248786373
ws,"n,n//8,n",2048,256,2048,bf16,64,128,64,2,4,8,0,0,0,0.03552228571580989,60.45454577953073
persistent,"n,n//8,n",2048,256,2048,bf16,64,128,64,2,4,8,1,132,0,0.0031026207344156914,692.1515169995246
ws,"n,n//8,n",2048,256,2048,bf16,64,128,64,2,4,8,0,0,0,0.03555619060283616,60.39689886882047
persistent,"n,n//8,n",2048,256,2048,bf16,64,128,64,2,4,8,1,132,1,0.9521066546440125,2.2555074450172103
ws,"n,n//8,n",2048,256,2048,bf16,64,128,64,2,8,8,0,0,0,0.04244559998624027,50.59378707560163
persistent,"n,n//8,n",2048,256,2048,bf16,64,128,64,2,8,8,1,132,0,0.003092313092201948,694.458673481487
ws,"n,n//8,n",2048,256,2048,bf16,64,128,64,2,8,8,0,0,0,0.042311291104253336,50.754387114037385
persistent,"n,n//8,n",2048,256,2048,bf16,64,128,64,2,8,8,1,132,1,1.1300680041313171,1.90031364497464
ws,"n,n//8,n",2048,256,2048,bf16,64,128,64,3,4,8,0,0,0,0.023384851027042308,91.83225693918871
persistent,"n,n//8,n",2048,256,2048,bf16,64,128,64,3,4,8,1,132,0,0.0031040000392059826,691.8439500243486
ws,"n,n//8,n",2048,256,2048,bf16,64,128,64,3,4,8,0,0,0,0.02370042563911448,90.60949709088162
persistent,"n,n//8,n",2048,256,2048,bf16,64,128,64,3,4,8,1,132,1,0.7866909070448442,2.7297679797353824
ws,"n,n//8,n",2048,256,2048,bf16,64,128,64,3,8,8,0,0,0,0.02688421982412155,79.87896476256289
persistent,"n,n//8,n",2048,256,2048,bf16,64,128,64,3,8,8,1,132,0,0.003112626132433829,689.926626787277
ws,"n,n//8,n",2048,256,2048,bf16,64,128,64,3,8,8,0,0,0,0.026669714333755628,80.52143420531313
persistent,"n,n//8,n",2048,256,2048,bf16,64,128,64,3,8,8,1,132,1,0.6142697206565312,3.495994635230873
ws,"n,n//8,n",2048,256,2048,bf16,64,128,64,4,4,8,0,0,0,0.019881896962670936,108.01200972080215
persistent,"n,n//8,n",2048,256,2048,bf16,64,128,64,4,4,8,1,132,0,0.0031159652700728695,689.1872860796614
ws,"n,n//8,n",2048,256,2048,bf16,64,128,64,4,4,8,0,0,0,0.01961204119641142,109.49822236723341
persistent,"n,n//8,n",2048,256,2048,bf16,64,128,64,4,4,8,1,132,1,0.6783236952928396,3.1658685416744996
ws,"n,n//8,n",2048,256,2048,bf16,64,128,64,4,8,8,0,0,0,0.022524631572397133,95.33934622183295
persistent,"n,n//8,n",2048,256,2048,bf16,64,128,64,4,8,8,1,132,0,0.0031318261166629583,685.6969601774058
ws,"n,n//8,n",2048,256,2048,bf16,64,128,64,4,8,8,0,0,0,0.022466021089961655,95.58807228929139
persistent,"n,n//8,n",2048,256,2048,bf16,64,128,64,4,8,8,1,132,1,0.5395580045878887,3.9800793051717123
ws,"n,n//8,n",2048,256,2048,bf16,64,128,64,5,4,8,0,0,0,0.01785373738543554,120.28202284143839
persistent,"n,n//8,n",2048,256,2048,bf16,64,128,64,5,4,8,1,132,0,0.0030895304805396693,695.0841435378505
ws,"n,n//8,n",2048,256,2048,bf16,64,128,64,5,4,8,0,0,0,0.018100040409751612,118.64524052902212
persistent,"n,n//8,n",2048,256,2048,bf16,64,128,64,5,4,8,1,132,1,0.6756455393937918,3.178417561857631
ws,"n,n//8,n",2048,256,2048,bf16,64,128,64,5,8,8,0,0,0,0.021986694653567514,97.67196396897039
persistent,"n,n//8,n",2048,256,2048,bf16,64,128,64,5,8,8,1,132,0,0.0031081379696341425,690.9228834049408
ws,"n,n//8,n",2048,256,2048,bf16,64,128,64,5,8,8,0,0,0,0.022220799973920773,96.64294942217983
persistent,"n,n//8,n",2048,256,2048,bf16,64,128,64,5,8,8,1,132,1,0.5119620002806187,4.194615316806545
ws,"n,n//8,n",2048,256,2048,bf16,128,64,64,2,4,8,0,0,0,0.03506672947722323,61.23991829334547
persistent,"n,n//8,n",2048,256,2048,bf16,128,64,64,2,4,8,1,132,0,0.0031067586688581727,691.2296309095888
ws,"n,n//8,n",2048,256,2048,bf16,128,64,64,2,4,8,0,0,0,0.035113035361556445,61.15915715880193
persistent,"n,n//8,n",2048,256,2048,bf16,128,64,64,2,4,8,1,132,1,0.714848001797994,3.004112262465061
ws,"n,n//8,n",2048,256,2048,bf16,128,64,64,2,8,8,0,0,0,0.036025223486563736,59.61055727526418
persistent,"n,n//8,n",2048,256,2048,bf16,128,64,64,2,8,8,1,132,0,0.003092313098275791,694.4586721174488
ws,"n,n//8,n",2048,256,2048,bf16,128,64,64,2,8,8,0,0,0,0.0357268572385822,60.10838383178261
persistent,"n,n//8,n",2048,256,2048,bf16,128,64,64,2,8,8,1,132,1,1.0543680042028427,2.036749635269528
ws,"n,n//8,n",2048,256,2048,bf16,128,64,64,3,4,8,0,0,0,0.02363948946065725,90.84306374611074
persistent,"n,n//8,n",2048,256,2048,bf16,128,64,64,3,4,8,1,132,0,0.003107310373111275,691.1069028002428
ws,"n,n//8,n",2048,256,2048,bf16,128,64,64,3,4,8,0,0,0,0.02387948936604439,89.93004896719566
persistent,"n,n//8,n",2048,256,2048,bf16,128,64,64,3,4,8,1,132,1,0.6087154277733394,3.5278942343476043
ws,"n,n//8,n",2048,256,2048,bf16,128,64,64,3,8,8,0,0,0,0.02435027942141538,88.19133492617539
persistent,"n,n//8,n",2048,256,2048,bf16,128,64,64,3,8,8,1,132,0,0.0031059310683209836,691.4138146539404
ws,"n,n//8,n",2048,256,2048,bf16,128,64,64,3,8,8,0,0,0,0.02407569896870403,89.19714649994218
persistent,"n,n//8,n",2048,256,2048,bf16,128,64,64,3,8,8,1,132,1,0.5857508565698352,3.6662065858096957
ws,"n,n//8,n",2048,256,2048,bf16,128,64,64,4,4,8,0,0,0,0.020220701112267897,106.20223483235809
persistent,"n,n//8,n",2048,256,2048,bf16,128,64,64,4,4,8,1,132,0,0.003106782650170119,691.2242952954593
ws,"n,n//8,n",2048,256,2048,bf16,128,64,64,4,4,8,0,0,0,0.01998977318943776,107.42911526053194
persistent,"n,n//8,n",2048,256,2048,bf16,128,64,64,4,4,8,1,132,1,0.5380740016698837,3.9910563255897884
ws,"n,n//8,n",2048,256,2048,bf16,128,64,64,4,8,8,0,0,0,0.020578639101736323,104.354988557956
persistent,"n,n//8,n",2048,256,2048,bf16,128,64,64,4,8,8,1,132,0,0.0031175172851613626,688.8441832292347
ws,"n,n//8,n",2048,256,2048,bf16,128,64,64,4,8,8,0,0,0,0.020559835026866383,104.45043188302799
persistent,"n,n//8,n",2048,256,2048,bf16,128,64,64,4,8,8,1,132,1,0.5312899984419346,4.042017832629502
ws,"n,n//8,n",2048,256,2048,bf16,128,64,64,5,4,8,0,0,0,0.018245171736737693,117.70147625828697
persistent,"n,n//8,n",2048,256,2048,bf16,128,64,64,5,4,8,1,132,0,0.0031056695961919818,691.4720260755163
ws,"n,n//8,n",2048,256,2048,bf16,128,64,64,5,4,8,0,0,0,0.018484897987574946,116.17503377316342
ws,"n,n//8,n",2048,256,2048,bf16,128,64,64,5,8,8,0,0,0,0.018577632684336633,115.59511830646801
persistent,"n,n//8,n",2048,256,2048,bf16,128,64,64,5,8,8,1,132,0,0.0030970435225121354,693.3979559506126
ws,"n,n//8,n",2048,256,2048,bf16,128,64,64,5,8,8,0,0,0,0.01888555103950963,113.71040450486957
persistent,"n,n//8,n",2048,256,2048,bf16,128,64,64,5,8,8,1,132,1,0.5114539973437786,4.198781628754284
ws,"n,n//8,n",2048,256,2048,bf16,128,128,64,2,4,8,0,0,0,0.03737021686441927,57.465110673324745
persistent,"n,n//8,n",2048,256,2048,bf16,128,128,64,2,4,8,1,132,0,0.003098902702578797,692.9819533259113
ws,"n,n//8,n",2048,256,2048,bf16,128,128,64,2,4,8,0,0,0,0.03706602420074394,57.936714128538725
persistent,"n,n//8,n",2048,256,2048,bf16,128,128,64,2,4,8,1,132,1,0.4927491738515742,4.35816793200117
ws,"n,n//8,n",2048,256,2048,bf16,128,128,64,2,8,8,0,0,0,0.04650846747802449,46.17403592183934
persistent,"n,n//8,n",2048,256,2048,bf16,128,128,64,2,8,8,1,132,0,0.0030962759026743726,693.5698611823111
ws,"n,n//8,n",2048,256,2048,bf16,128,128,64,2,8,8,0,0,0,0.04659073677306112,46.09250243154945
persistent,"n,n//8,n",2048,256,2048,bf16,128,128,64,2,8,8,1,132,1,0.6566276917090783,3.2704737785433693
ws,"n,n//8,n",2048,256,2048,bf16,128,128,64,3,4,8,0,0,0,0.024910107555408633,86.20932861181987
persistent,"n,n//8,n",2048,256,2048,bf16,128,128,64,3,4,8,1,132,0,0.0031059478753772767,691.4100732418592
ws,"n,n//8,n",2048,256,2048,bf16,128,128,64,3,4,8,0,0,0,0.024974795619166025,85.98603491081182
persistent,"n,n//8,n",2048,256,2048,bf16,128,128,64,3,4,8,1,132,1,0.4052879989147186,5.298660838096706
ws,"n,n//8,n",2048,256,2048,bf16,128,128,64,3,8,8,0,0,0,0.029271730315986642,73.36374122124103
persistent,"n,n//8,n",2048,256,2048,bf16,128,128,64,3,8,8,1,132,0,0.003096486998559988,693.5225786508003
ws,"n,n//8,n",2048,256,2048,bf16,128,128,64,3,8,8,0,0,0,0.029225348379839672,73.48017276267558
persistent,"n,n//8,n",2048,256,2048,bf16,128,128,64,3,8,8,1,132,1,0.39458079636096954,5.4424433925959335
ws,"n,n//8,n",2048,256,2048,bf16,128,128,64,4,4,8,0,0,0,0.021129999891854823,101.63197628921003
persistent,"n,n//8,n",2048,256,2048,bf16,128,128,64,4,4,8,1,132,0,0.003098434827330968,693.086596192785
ws,"n,n//8,n",2048,256,2048,bf16,128,128,64,4,4,8,0,0,0,0.02109533336867268,101.79899082273285
persistent,"n,n//8,n",2048,256,2048,bf16,128,128,64,4,4,8,1,132,1,0.3493231327637382,6.147556364245801
ws,"n,n//8,n",2048,256,2048,bf16,128,128,64,4,8,8,0,0,0,0.025617043447235355,83.83026918868583
persistent,"n,n//8,n",2048,256,2048,bf16,128,128,64,4,8,8,1,132,0,0.003107142890387747,691.1441551798125
ws,"n,n//8,n",2048,256,2048,bf16,128,128,64,4,8,8,0,0,0,0.02569495651708997,83.57607636236658
persistent,"n,n//8,n",2048,256,2048,bf16,128,128,64,4,8,8,1,132,1,0.3530967289751226,6.0818565332880805
ws,"n,n//8,n",2048,256,2048,bf16,128,128,64,5,4,8,0,0,0,0.020368494823114158,105.431631873114
persistent,"n,n//8,n",2048,256,2048,bf16,128,128,64,5,4,8,1,132,0,0.003106504381107895,691.2862125866783
ws,"n,n//8,n",2048,256,2048,bf16,128,128,64,5,4,8,0,0,0,0.01996008239532869,107.58891699277659
ws,"n,n//8,n",2048,256,2048,bf16,128,128,64,5,8,8,0,0,0,0.02587582612329203,82.99188739975921
persistent,"n,n//8,n",2048,256,2048,bf16,128,128,64,5,8,8,1,132,0,0.0030976000444396684,693.2733784837168
ws,"n,n//8,n",2048,256,2048,bf16,128,128,64,5,8,8,0,0,0,0.025713391318593338,83.51615784134843
persistent,"n,n//8,n",2048,256,2048,bf16,128,128,64,5,8,8,1,132,1,0.3527767292477868,6.087373315635083
ws,"n,n//8,n",2048,256,2048,bf16,256,64,64,2,4,8,0,0,0,0.041977999778464434,51.15736002985313
persistent,"n,n//8,n",2048,256,2048,bf16,256,64,64,2,4,8,1,132,0,0.0031012174450670894,692.4647129842077
ws,"n,n//8,n",2048,256,2048,bf16,256,64,64,2,4,8,0,0,0,0.04184480011463165,51.32020327775686
persistent,"n,n//8,n",2048,256,2048,bf16,256,64,64,2,4,8,1,132,1,0.45498133367962307,4.719937916205062
ws,"n,n//8,n",2048,256,2048,bf16,256,64,64,2,8,8,0,0,0,0.04289255715623687,50.066580087024285
persistent,"n,n//8,n",2048,256,2048,bf16,256,64,64,2,8,8,1,132,0,0.0031056991588752883,691.4654440572727
ws,"n,n//8,n",2048,256,2048,bf16,256,64,64,2,8,8,0,0,0,0.04320810141065453,49.700949078740585
persistent,"n,n//8,n",2048,256,2048,bf16,256,64,64,2,8,8,1,132,1,0.7899636409499429,2.7184588463054067
ws,"n,n//8,n",2048,256,2048,bf16,256,64,64,3,4,8,0,0,0,0.027270329624905693,78.74799012472246
persistent,"n,n//8,n",2048,256,2048,bf16,256,64,64,3,4,8,1,132,0,0.0031017739609207795,692.340471954477
ws,"n,n//8,n",2048,256,2048,bf16,256,64,64,3,4,8,0,0,0,0.027002373628400186,79.52943980233461
persistent,"n,n//8,n",2048,256,2048,bf16,256,64,64,3,4,8,1,132,1,0.3848899021035149,5.579475159684603
ws,"n,n//8,n",2048,256,2048,bf16,256,64,64,3,8,8,0,0,0,0.027721846066824683,77.4653911151299
persistent,"n,n//8,n",2048,256,2048,bf16,256,64,64,3,8,8,1,132,0,0.0031154087319484225,689.3104028301711
ws,"n,n//8,n",2048,256,2048,bf16,256,64,64,3,8,8,0,0,0,0.027537422192593416,77.9841930366887
persistent,"n,n//8,n",2048,256,2048,bf16,256,64,64,3,8,8,1,132,1,0.43148631484884964,4.9769449785499384
ws,"n,n//8,n",2048,256,2048,bf16,256,64,64,4,4,8,0,0,0,0.022664084226677293,94.75272093598443
persistent,"n,n//8,n",2048,256,2048,bf16,256,64,64,4,4,8,1,132,0,0.003119304383416539,688.4495336257905
ws,"n,n//8,n",2048,256,2048,bf16,256,64,64,4,4,8,0,0,0,0.02261827366524621,94.94463104404319
persistent,"n,n//8,n",2048,256,2048,bf16,256,64,64,4,4,8,1,132,1,0.3672581829807975,5.847340501905941
ws,"n,n//8,n",2048,256,2048,bf16,256,64,64,4,8,8,0,0,0,0.023670365633342856,90.72456595157043
persistent,"n,n//8,n",2048,256,2048,bf16,256,64,64,4,8,8,1,132,0,0.0031120695922847675,690.0500083044083
ws,"n,n//8,n",2048,256,2048,bf16,256,64,64,4,8,8,0,0,0,0.023371478218747223,91.88480197531601
persistent,"n,n//8,n",2048,256,2048,bf16,256,64,64,4,8,8,1,132,1,0.39401919990777967,5.45020051942296
ws,"n,n//8,n",2048,256,2048,bf16,256,128,64,2,4,8,0,0,0,0.12192933323482673,17.612526789301047
persistent,"n,n//8,n",2048,256,2048,bf16,256,128,64,2,4,8,1,132,0,0.003109286998844017,690.6675545867589
ws,"n,n//8,n",2048,256,2048,bf16,256,128,64,2,4,8,0,0,0,0.12199466675519943,17.603094505018383
persistent,"n,n//8,n",2048,256,2048,bf16,256,128,64,2,4,8,1,132,1,0.3447693923245306,6.22875375775405
ws,"n,n//8,n",2048,256,2048,bf16,256,128,64,2,8,8,0,0,0,0.06075108562197004,35.348893373905135
persistent,"n,n//8,n",2048,256,2048,bf16,256,128,64,2,8,8,1,132,0,0.0031075862433022723,691.045551069881
ws,"n,n//8,n",2048,256,2048,bf16,256,128,64,2,8,8,0,0,0,0.06119884048467097,35.09026692324178
persistent,"n,n//8,n",2048,256,2048,bf16,256,128,64,2,8,8,1,132,1,0.5343599952757359,4.01879569388774
ws,"n,n//8,n",2048,256,2048,bf16,256,128,64,3,4,8,0,0,0,0.1056422641817129,20.327883585552097
persistent,"n,n//8,n",2048,256,2048,bf16,256,128,64,3,4,8,1,132,0,0.0031020690020623393,692.2746227025559
ws,"n,n//8,n",2048,256,2048,bf16,256,128,64,3,4,8,0,0,0,0.1057171326763225,20.313487451225324
persistent,"n,n//8,n",2048,256,2048,bf16,256,128,64,3,4,8,1,132,1,0.3279320014019807,6.548563845001524
ws,"n,n//8,n",2048,256,2048,bf16,256,128,64,3,8,8,0,0,0,0.036114285877417954,59.46355011114337
persistent,"n,n//8,n",2048,256,2048,bf16,256,128,64,3,8,8,1,132,0,0.0031078621094789483,690.984211123845
ws,"n,n//8,n",2048,256,2048,bf16,256,128,64,3,8,8,0,0,0,0.0361238093603225,59.447873467042015
persistent,"n,n//8,n",2048,256,2048,bf16,256,128,64,3,8,8,1,132,1,0.3393391293028127,6.328429180602015
ws,"n,n,n//8",4096,4096,512,bf16,64,64,64,2,4,8,0,0,0,0.08495775453354183,202.2166108123454
persistent,"n,n,n//8",4096,4096,512,bf16,64,64,64,2,4,8,1,132,0,0.0030986667087857136,5544.277845464813
ws,"n,n,n//8",4096,4096,512,bf16,64,64,64,2,4,8,0,0,0,0.08473057640811145,202.75879041884264
persistent,"n,n,n//8",4096,4096,512,bf16,64,64,64,2,4,8,1,132,1,11.159423828125,1.5394942829128615
ws,"n,n,n//8",4096,4096,512,bf16,64,64,64,2,8,8,0,0,0,0.08855834462005517,193.9949223046949
persistent,"n,n,n//8",4096,4096,512,bf16,64,64,64,2,8,8,1,132,0,0.0030967652655975973,5547.682084545959
ws,"n,n,n//8",4096,4096,512,bf16,64,64,64,2,8,8,0,0,0,0.08854510326837671,194.02393299975603
persistent,"n,n,n//8",4096,4096,512,bf16,64,64,64,2,8,8,1,132,1,14.699711799621582,1.1687214972774
ws,"n,n,n//8",4096,4096,512,bf16,64,64,64,3,4,8,0,0,0,0.08572366088628769,200.4098869131251
persistent,"n,n,n//8",4096,4096,512,bf16,64,64,64,3,4,8,1,132,0,0.0031179130664500203,5510.053942447016
ws,"n,n,n//8",4096,4096,512,bf16,64,64,64,3,4,8,0,0,0,0.08554413573721707,200.83047231635865
persistent,"n,n,n//8",4096,4096,512,bf16,64,64,64,3,4,8,1,132,1,8.9683198928833,1.9156173496479392
ws,"n,n,n//8",4096,4096,512,bf16,64,64,64,3,8,8,0,0,0,0.08785103415620737,195.55682353667666
persistent,"n,n,n//8",4096,4096,512,bf16,64,64,64,3,8,8,1,132,0,0.00310038266217579,5541.209281548328
ws,"n,n,n//8",4096,4096,512,bf16,64,64,64,3,8,8,0,0,0,0.08814179319246061,194.91172758973906
persistent,"n,n,n//8",4096,4096,512,bf16,64,64,64,3,8,8,1,132,1,9.784704208374023,1.7557883016327656
ws,"n,n,n//8",4096,4096,512,bf16,64,64,64,4,4,8,0,0,0,0.09113992985926177,188.4999166724085
persistent,"n,n,n//8",4096,4096,512,bf16,64,64,64,4,4,8,1,132,0,0.003120695682161528,5505.140819145968
ws,"n,n,n//8",4096,4096,512,bf16,64,64,64,4,4,8,0,0,0,0.090725053167134,189.36190814185784
persistent,"n,n,n//8",4096,4096,512,bf16,64,64,64,4,4,8,1,132,1,8.701567649841309,1.9743418514149356
ws,"n,n,n//8",4096,4096,512,bf16,64,64,64,4,8,8,0,0,0,0.0971234912222082,176.88685783230642
persistent,"n,n,n//8",4096,4096,512,bf16,64,64,64,4,8,8,1,132,0,0.003100660913016485,5540.712017840907
ws,"n,n,n//8",4096,4096,512,bf16,64,64,64,4,8,8,0,0,0,0.0971083634278991,176.9144137286969
persistent,"n,n,n//8",4096,4096,512,bf16,64,64,64,4,8,8,1,132,1,10.390591621398926,1.6534062553876991
ws,"n,n,n//8",4096,4096,512,bf16,64,64,64,5,4,8,0,0,0,0.10783446107346278,159.3170588787579
persistent,"n,n,n//8",4096,4096,512,bf16,64,64,64,5,4,8,1,132,0,0.0031178761562085256,5510.119171921015
ws,"n,n,n//8",4096,4096,512,bf16,64,64,64,5,4,8,0,0,0,0.10783569228190643,159.31523988447174
persistent,"n,n,n//8",4096,4096,512,bf16,64,64,64,5,4,8,1,132,1,9.091744422912598,1.8896119803702447
ws,"n,n,n//8",4096,4096,512,bf16,64,64,64,5,8,8,0,0,0,0.11972733400762081,143.4916205760205
persistent,"n,n,n//8",4096,4096,512,bf16,64,64,64,5,8,8,1,132,0,0.0030967017937974448,5547.795793062965
ws,"n,n,n//8",4096,4096,512,bf16,64,64,64,5,8,8,0,0,0,0.11942866708462437,143.85046407515162
persistent,"n,n,n//8",4096,4096,512,bf16,64,64,64,5,8,8,1,132,1,10.898783683776855,1.5763106858954101
ws,"n,n,n//8",4096,4096,512,bf16,64,128,64,2,4,8,0,0,0,0.0653239402975609,262.9949924291611
persistent,"n,n,n//8",4096,4096,512,bf16,64,128,64,2,4,8,1,132,0,0.0030950956977903845,5550.67463544499
ws,"n,n,n//8",4096,4096,512,bf16,64,128,64,2,4,8,0,0,0,0.06523605936498784,263.3492787766458
persistent,"n,n,n//8",4096,4096,512,bf16,64,128,64,2,4,8,1,132,1,8.384960174560547,2.0488909698250763
ws,"n,n,n//8",4096,4096,512,bf16,64,128,64,2,8,8,0,0,0,0.06829735407462487,251.5451647691721
persistent,"n,n,n//8",4096,4096,512,bf16,64,128,64,2,8,8,1,132,0,0.003106782650170119,5529.794362363675
ws,"n,n,n//8",4096,4096,512,bf16,64,128,64,2,8,8,0,0,0,0.06799854530077992,252.6505399197555
persistent,"n,n,n//8",4096,4096,512,bf16,64,128,64,2,8,8,1,132,1,7.978079795837402,2.1533839750466863
ws,"n,n,n//8",4096,4096,512,bf16,64,128,64,3,4,8,0,0,0,0.0671335756778717,255.90576712961766
persistent,"n,n,n//8",4096,4096,512,bf16,64,128,64,3,4,8,1,132,0,0.0031101217817353166,5523.857388765773
ws,"n,n,n//8",4096,4096,512,bf16,64,128,64,3,4,8,0,0,0,0.06710012110345291,256.03335584912884
persistent,"n,n,n//8",4096,4096,512,bf16,64,128,64,3,4,8,1,132,1,7.715583801269531,2.2266454005947294
ws,"n,n,n//8",4096,4096,512,bf16,64,128,64,3,8,8,0,0,0,0.07215099968016148,238.10992585212577
persistent,"n,n,n//8",4096,4096,512,bf16,64,128,64,3,8,8,1,132,0,0.003112421107576474,5519.776595197724
ws,"n,n,n//8",4096,4096,512,bf16,64,128,64,3,8,8,0,0,0,0.07227500039152801,237.70140561650973
persistent,"n,n,n//8",4096,4096,512,bf16,64,128,64,3,8,8,1,132,1,5.247231960296631,3.2740822807133543
ws,"n,n,n//8",4096,4096,512,bf16,64,128,64,4,4,8,0,0,0,0.07218650041613728,237.99282532000186
persistent,"n,n,n//8",4096,4096,512,bf16,64,128,64,4,4,8,1,132,0,0.0030995862446083077,5542.63305751991
ws,"n,n,n//8",4096,4096,512,bf16,64,128,64,4,4,8,0,0,0,0.07181399990804493,239.2272983819055
persistent,"n,n,n//8",4096,4096,512,bf16,64,128,64,4,4,8,1,132,1,7.240575790405273,2.3727214079805106
ws,"n,n,n//8",4096,4096,512,bf16,64,128,64,4,8,8,0,0,0,0.07988668856073598,215.0529643113013
persistent,"n,n,n//8",4096,4096,512,bf16,64,128,64,4,8,8,1,132,0,0.0031204174110746902,5505.631753952799
ws,"n,n,n//8",4096,4096,512,bf16,64,128,64,4,8,8,0,0,0,0.08006399992059489,214.57670365006103
persistent,"n,n,n//8",4096,4096,512,bf16,64,128,64,4,8,8,1,132,1,5.753727912902832,2.9858675008725823
ws,"n,n,n//8",4096,4096,512,bf16,64,128,64,5,4,8,0,0,0,0.10184177783904252,168.691764308673
persistent,"n,n,n//8",4096,4096,512,bf16,64,128,64,5,4,8,1,132,0,0.0031006609150410996,5540.712014223032
ws,"n,n,n//8",4096,4096,512,bf16,64,128,64,5,4,8,0,0,0,0.10151366017899423,169.23701848310415
persistent,"n,n,n//8",4096,4096,512,bf16,64,128,64,5,4,8,1,132,1,7.053919792175293,2.435506738119864
ws,"n,n,n//8",4096,4096,512,bf16,64,128,64,5,8,8,0,0,0,0.1267989788283693,135.489018466419
persistent,"n,n,n//8",4096,4096,512,bf16,64,128,64,5,8,8,1,132,0,0.0031293217639398315,5489.965711410405
ws,"n,n,n//8",4096,4096,512,bf16,64,128,64,5,8,8,0,0,0,0.12718978809549453,135.072708597496
persistent,"n,n,n//8",4096,4096,512,bf16,64,128,64,5,8,8,1,132,1,6.1561279296875,2.7906939849562367
ws,"n,n,n//8",4096,4096,512,bf16,128,64,64,2,4,8,0,0,0,0.06481814929353658,265.0472031560011
persistent,"n,n,n//8",4096,4096,512,bf16,128,64,64,2,4,8,1,132,0,0.003103443516580307,5535.744115275713
ws,"n,n,n//8",4096,4096,512,bf16,128,64,64,2,4,8,0,0,0,0.06468298475244152,265.60105798691563
persistent,"n,n,n//8",4096,4096,512,bf16,128,64,64,2,4,8,1,132,1,5.958303928375244,2.883348917832853
ws,"n,n,n//8",4096,4096,512,bf16,128,64,64,2,8,8,0,0,0,0.06474459660587026,265.3483083473616
persistent,"n,n,n//8",4096,4096,512,bf16,128,64,64,2,8,8,1,132,0,0.0031042783055454494,5534.255467143544
ws,"n,n,n//8",4096,4096,512,bf16,128,64,64,2,8,8,0,0,0,0.06498961195127288,264.3479268176107
persistent,"n,n,n//8",4096,4096,512,bf16,128,64,64,2,8,8,1,132,1,7.984896183013916,2.1515457170935215
ws,"n,n,n//8",4096,4096,512,bf16,128,64,64,3,4,8,0,0,0,0.06737066703763875,255.0051816230634
persistent,"n,n,n//8",4096,4096,512,bf16,128,64,64,3,4,8,1,132,0,0.003113739160091981,5517.440061836298
ws,"n,n,n//8",4096,4096,512,bf16,128,64,64,3,4,8,0,0,0,0.06756121236266512,254.2859813080225
persistent,"n,n,n//8",4096,4096,512,bf16,128,64,64,3,4,8,1,132,1,5.6075520515441895,3.0637021334949646
ws,"n,n,n//8",4096,4096,512,bf16,128,64,64,3,8,8,0,0,0,0.06860557582342264,250.4150570533455
persistent,"n,n,n//8",4096,4096,512,bf16,128,64,64,3,8,8,1,132,0,0.0031148522019224323,5515.468494266561
ws,"n,n,n//8",4096,4096,512,bf16,128,64,64,3,8,8,0,0,0,0.06845139429876299,250.97909779626596
persistent,"n,n,n//8",4096,4096,512,bf16,128,64,64,3,8,8,1,132,1,5.327295780181885,3.2248761647346424
ws,"n,n,n//8",4096,4096,512,bf16,128,64,64,4,4,8,0,0,0,0.07292596830262078,235.57958274491088
persistent,"n,n,n//8",4096,4096,512,bf16,128,64,64,4,4,8,1,132,0,0.0031104000406744687,5523.363219952461
ws,"n,n,n//8",4096,4096,512,bf16,128,64,64,4,4,8,0,0,0,0.07336349983233958,234.17461303320877
persistent,"n,n,n//8",4096,4096,512,bf16,128,64,64,4,4,8,1,132,1,5.013408184051514,3.426784445490001
ws,"n,n,n//8",4096,4096,512,bf16,128,64,64,4,8,8,0,0,0,0.07550374560412906,227.53664797075294
persistent,"n,n,n//8",4096,4096,512,bf16,128,64,64,4,8,8,1,132,0,0.0031084522159527178,5526.824281175091
ws,"n,n,n//8",4096,4096,512,bf16,128,64,64,4,8,8,0,0,0,0.07551122576959672,227.51410811976484
persistent,"n,n,n//8",4096,4096,512,bf16,128,64,64,4,8,8,1,132,1,5.795680046081543,2.9642542458180214
ws,"n,n,n//8",4096,4096,512,bf16,128,64,64,5,4,8,0,0,0,0.10441479227452907,164.53482126201436
persistent,"n,n,n//8",4096,4096,512,bf16,128,64,64,5,4,8,1,132,0,0.003097600050513511,5546.187016994647
ws,"n,n,n//8",4096,4096,512,bf16,128,64,64,5,4,8,0,0,0,0.1042819617773002,164.74439961810984
ws,"n,n,n//8",4096,4096,512,bf16,128,64,64,5,8,8,0,0,0,0.10876061509434994,157.9603900648819
persistent,"n,n,n//8",4096,4096,512,bf16,128,64,64,5,8,8,1,132,0,0.003098156564342587,5545.19076980394
ws,"n,n,n//8",4096,4096,512,bf16,128,64,64,5,8,8,0,0,0,0.10845169281730285,158.41033678414883
persistent,"n,n,n//8",4096,4096,512,bf16,128,64,64,5,8,8,1,132,1,6.133312225341797,2.801075267783649
ws,"n,n,n//8",4096,4096,512,bf16,128,128,64,2,4,8,0,0,0,0.05083502698186282,337.95337986403587
persistent,"n,n,n//8",4096,4096,512,bf16,128,128,64,2,4,8,1,132,0,0.003103165265739612,5536.240487631692
ws,"n,n,n//8",4096,4096,512,bf16,128,128,64,2,4,8,0,0,0,0.05096951388829463,337.0616643833723
persistent,"n,n,n//8",4096,4096,512,bf16,128,128,64,2,4,8,1,132,1,4.310559988021851,3.985530704070767
ws,"n,n,n//8",4096,4096,512,bf16,128,128,64,2,8,8,0,0,0,0.061152463805848274,280.93502885744755
persistent,"n,n,n//8",4096,4096,512,bf16,128,128,64,2,8,8,1,132,0,0.0031053793500177562,5532.29323944006
ws,"n,n,n//8",4096,4096,512,bf16,128,128,64,2,8,8,0,0,0,0.0613439999630346,280.0578572370965
persistent,"n,n,n//8",4096,4096,512,bf16,128,128,64,2,8,8,1,132,1,4.86899209022522,3.5284241308359428
ws,"n,n,n//8",4096,4096,512,bf16,128,128,64,3,4,8,0,0,0,0.053678465624378155,320.05142069854054
persistent,"n,n,n//8",4096,4096,512,bf16,128,128,64,3,4,8,1,132,0,0.003110121771612245,5523.857406745263
ws,"n,n,n//8",4096,4096,512,bf16,128,128,64,3,4,8,0,0,0,0.053455999897172056,321.38336607765626
persistent,"n,n,n//8",4096,4096,512,bf16,128,128,64,3,4,8,1,132,1,4.159456014633179,4.130316349916994
ws,"n,n,n//8",4096,4096,512,bf16,128,128,64,3,8,8,0,0,0,0.05412888904619548,317.3881726879357
persistent,"n,n,n//8",4096,4096,512,bf16,128,128,64,3,8,8,1,132,0,0.003124689691346781,5498.104093848518
ws,"n,n,n//8",4096,4096,512,bf16,128,128,64,3,8,8,0,0,0,0.054039555550035506,317.91285122789486
persistent,"n,n,n//8",4096,4096,512,bf16,128,128,64,3,8,8,1,132,1,3.745967984199524,4.5862295824376
ws,"n,n,n//8",4096,4096,512,bf16,128,128,64,4,4,8,0,0,0,0.06783418188040907,253.26271663875775
persistent,"n,n,n//8",4096,4096,512,bf16,128,128,64,4,4,8,1,132,0,0.0030903652695048116,5559.171064187127
ws,"n,n,n//8",4096,4096,512,bf16,128,128,64,4,4,8,0,0,0,0.06821672731276715,251.84247120551456
persistent,"n,n,n//8",4096,4096,512,bf16,128,128,64,4,4,8,1,132,1,3.3651840686798096,5.105179637540543
ws,"n,n,n//8",4096,4096,512,bf16,128,128,64,4,8,8,0,0,0,0.0779488523964022,220.39925740834835
persistent,"n,n,n//8",4096,4096,512,bf16,128,128,64,4,8,8,1,132,0,0.0030968276330205643,5547.570359039714
ws,"n,n,n//8",4096,4096,512,bf16,128,128,64,4,8,8,0,0,0,0.0781319341698631,219.8828093344013
persistent,"n,n,n//8",4096,4096,512,bf16,128,128,64,4,8,8,1,132,1,3.7851840257644653,4.538714384046443
ws,"n,n,n//8",4096,4096,512,bf16,128,128,64,5,4,8,0,0,0,0.06882116932135363,249.630591188887
persistent,"n,n,n//8",4096,4096,512,bf16,128,128,64,5,4,8,1,132,0,0.003107649155712703,5528.252490284733
ws,"n,n,n//8",4096,4096,512,bf16,128,128,64,5,4,8,0,0,0,0.06877489227515,249.79856188313497
ws,"n,n,n//8",4096,4096,512,bf16,128,128,64,5,8,8,0,0,0,0.0801930658519268,214.23135531096818
persistent,"n,n,n//8",4096,4096,512,bf16,128,128,64,5,8,8,1,132,0,0.0031120695922847675,5520.400066435266
ws,"n,n,n//8",4096,4096,512,bf16,128,128,64,5,8,8,0,0,0,0.08016786870897794,214.29868924625706
persistent,"n,n,n//8",4096,4096,512,bf16,128,128,64,5,8,8,1,132,1,3.932207942008972,4.36901339841727
ws,"n,n,n//8",4096,4096,512,bf16,256,64,64,2,4,8,0,0,0,0.06254258845001459,274.69072850623263
persistent,"n,n,n//8",4096,4096,512,bf16,256,64,64,2,4,8,1,132,0,0.0030984348293555818,5544.692765919205
ws,"n,n,n//8",4096,4096,512,bf16,256,64,64,2,4,8,0,0,0,0.06239529441603843,275.3391797376309
persistent,"n,n,n//8",4096,4096,512,bf16,256,64,64,2,4,8,1,132,1,4.317584037780762,3.9790468543677613
ws,"n,n,n//8",4096,4096,512,bf16,256,64,64,2,8,8,0,0,0,0.0634400002000963,270.80499889364626
persistent,"n,n,n//8",4096,4096,512,bf16,256,64,64,2,8,8,1,132,0,0.0031017739507977083,5538.723793712212
ws,"n,n,n//8",4096,4096,512,bf16,256,64,64,2,8,8,0,0,0,0.06349929383791544,270.5521297268647
persistent,"n,n,n//8",4096,4096,512,bf16,256,64,64,2,8,8,1,132,1,6.331679821014404,2.713319319618975
ws,"n,n,n//8",4096,4096,512,bf16,256,64,64,3,4,8,0,0,0,0.07835645888183938,219.25275119830314
persistent,"n,n,n//8",4096,4096,512,bf16,256,64,64,3,4,8,1,132,0,0.0031100690107921073,5523.951116320869
ws,"n,n,n//8",4096,4096,512,bf16,256,64,64,3,4,8,0,0,0,0.07781832220573578,220.7689487133882
persistent,"n,n,n//8",4096,4096,512,bf16,256,64,64,3,4,8,1,132,1,3.888592004776001,4.418017925999833
ws,"n,n,n//8",4096,4096,512,bf16,256,64,64,3,8,8,0,0,0,0.07965954124438958,215.66618280280366
persistent,"n,n,n//8",4096,4096,512,bf16,256,64,64,3,8,8,1,132,0,0.0030856348229977098,5567.69357668503
ws,"n,n,n//8",4096,4096,512,bf16,256,64,64,3,8,8,0,0,0,0.0796957377527581,215.56823072894437
persistent,"n,n,n//8",4096,4096,512,bf16,256,64,64,3,8,8,1,132,1,4.122864007949829,4.166974499006822
ws,"n,n,n//8",4096,4096,512,bf16,256,64,64,4,4,8,0,0,0,0.07552891774255721,227.46081497630016
persistent,"n,n,n//8",4096,4096,512,bf16,256,64,64,4,4,8,1,132,0,0.0031042782954223778,5534.255485190787
ws,"n,n,n//8",4096,4096,512,bf16,256,64,64,4,4,8,0,0,0,0.0754539683934242,227.68675458423235
persistent,"n,n,n//8",4096,4096,512,bf16,256,64,64,4,4,8,1,132,1,3.6374239921569824,4.723086783680773
ws,"n,n,n//8",4096,4096,512,bf16,256,64,64,4,8,8,0,0,0,0.07710709687202208,222.80529135358523
persistent,"n,n,n//8",4096,4096,512,bf16,256,64,64,4,8,8,1,132,0,0.003117634805486254,5510.545736071379
ws,"n,n,n//8",4096,4096,512,bf16,256,64,64,4,8,8,0,0,0,0.07716283887144058,222.64433806826398
persistent,"n,n,n//8",4096,4096,512,bf16,256,64,64,4,8,8,1,132,1,4.168447971343994,4.121406648734266
ws,"n,n,n//8",4096,4096,512,bf16,256,128,64,2,4,8,0,0,0,0.11746873463294943,146.2505681846438
persistent,"n,n,n//8",4096,4096,512,bf16,256,128,64,2,4,8,1,132,0,0.003083862103361251,5570.894095840027
ws,"n,n,n//8",4096,4096,512,bf16,256,128,64,2,4,8,0,0,0,0.11770579568585571,145.95601757666418
persistent,"n,n,n//8",4096,4096,512,bf16,256,128,64,2,4,8,1,132,1,3.350816011428833,5.127070279419572
ws,"n,n,n//8",4096,4096,512,bf16,256,128,64,2,8,8,0,0,0,0.07479277445423987,229.69958407561256
persistent,"n,n,n//8",4096,4096,512,bf16,256,128,64,2,8,8,1,132,0,0.003099269612246881,5543.199312545477
ws,"n,n,n//8",4096,4096,512,bf16,256,128,64,2,8,8,0,0,0,0.07468342840198487,230.03589352552285
persistent,"n,n,n//8",4096,4096,512,bf16,256,128,64,2,8,8,1,132,1,4.357872009277344,3.9422610731628387
ws,"n,n,n//8",4096,4096,512,bf16,256,128,64,3,4,8,0,0,0,0.14668651133082633,117.11962489348285
persistent,"n,n,n//8",4096,4096,512,bf16,256,128,64,3,4,8,1,132,0,0.0030976000444396684,5546.187027869734
ws,"n,n,n//8",4096,4096,512,bf16,256,128,64,3,4,8,0,0,0,0.14669320957605228,117.11427702516245
persistent,"n,n,n//8",4096,4096,512,bf16,256,128,64,3,4,8,1,132,1,3.198101361592611,5.371896397756656
ws,"n,n,n//8",4096,4096,512,bf16,256,128,64,3,8,8,0,0,0,0.057325714507273265,299.68870569978304
persistent,"n,n,n//8",4096,4096,512,bf16,256,128,64,3,8,8,1,132,0,0.0031082105757505225,5527.253950563395
ws,"n,n,n//8",4096,4096,512,bf16,256,128,64,3,8,8,0,0,0,0.05715876077892075,300.564059645178
persistent,"n,n,n//8",4096,4096,512,bf16,256,128,64,3,8,8,1,132,1,3.4352959394454956,5.000986665146837
ws,"n,n//8,n",4096,512,4096,bf16,64,64,64,2,4,8,0,0,0,0.06718545486078117,255.70816212526043
persistent,"n,n//8,n",4096,512,4096,bf16,64,64,64,2,4,8,1,132,0,0.0031149473915432105,5515.299947164993
ws,"n,n//8,n",4096,512,4096,bf16,64,64,64,2,4,8,0,0,0,0.06693866668325482,256.65090201591454
persistent,"n,n//8,n",4096,512,4096,bf16,64,64,64,2,4,8,1,132,1,9.648991584777832,1.7804833834763432
ws,"n,n//8,n",4096,512,4096,bf16,64,64,64,2,8,8,0,0,0,0.06865793929407091,250.22407256379162
persistent,"n,n//8,n",4096,512,4096,bf16,64,64,64,2,8,8,1,132,0,0.003096208735571607,5548.679256222154
ws,"n,n//8,n",4096,512,4096,bf16,64,64,64,2,8,8,0,0,0,0.06890084865418347,249.34190970892902
persistent,"n,n//8,n",4096,512,4096,bf16,64,64,64,2,8,8,1,132,1,13.772319793701172,1.2474201471750086
ws,"n,n//8,n",4096,512,4096,bf16,64,64,64,3,4,8,0,0,0,0.06222747870977374,276.0817172768025
persistent,"n,n//8,n",4096,512,4096,bf16,64,64,64,3,4,8,1,132,0,0.0030987130923439627,5544.194855098577
ws,"n,n//8,n",4096,512,4096,bf16,64,64,64,3,4,8,0,0,0,0.06265971053769623,274.17728292352314
persistent,"n,n//8,n",4096,512,4096,bf16,64,64,64,3,4,8,1,132,1,6.891456127166748,2.492922956626741
ws,"n,n//8,n",4096,512,4096,bf16,64,64,64,3,8,8,0,0,0,0.06173124601659567,278.30102731737196
persistent,"n,n//8,n",4096,512,4096,bf16,64,64,64,3,8,8,1,132,0,0.003105947865254205,5531.28060396272
ws,"n,n//8,n",4096,512,4096,bf16,64,64,64,3,8,8,0,0,0,0.062294260855170265,275.7857457196896
persistent,"n,n//8,n",4096,512,4096,bf16,64,64,64,3,8,8,1,132,1,7.227488040924072,2.377018002205295
ws,"n,n//8,n",4096,512,4096,bf16,64,64,64,4,4,8,0,0,0,0.0716893535393935,239.6432431847724
persistent,"n,n//8,n",4096,512,4096,bf16,64,64,64,4,4,8,1,132,0,0.003111513086554149,5521.387410594463
ws,"n,n//8,n",4096,512,4096,bf16,64,64,64,4,4,8,0,0,0,0.07185899966862053,239.0774887380199
persistent,"n,n//8,n",4096,512,4096,bf16,64,64,64,4,4,8,1,132,1,6.368256092071533,2.6977352882194707
ws,"n,n//8,n",4096,512,4096,bf16,64,64,64,4,8,8,0,0,0,0.07379899988882244,232.7927100622139
persistent,"n,n//8,n",4096,512,4096,bf16,64,64,64,4,8,8,1,132,0,0.0031003826642004044,5541.209277929802
ws,"n,n//8,n",4096,512,4096,bf16,64,64,64,4,8,8,0,0,0,0.07401447636740548,232.11498651587672
persistent,"n,n//8,n",4096,512,4096,bf16,64,64,64,4,8,8,1,132,1,6.781023979187012,2.533521373280813
ws,"n,n//8,n",4096,512,4096,bf16,64,64,64,5,4,8,0,0,0,0.06723391053391926,255.52387251568265
persistent,"n,n//8,n",4096,512,4096,bf16,64,64,64,5,4,8,1,132,0,0.003098434821257125,5544.692780411507
ws,"n,n//8,n",4096,512,4096,bf16,64,64,64,5,4,8,0,0,0,0.06763054554661115,254.02529352893643
persistent,"n,n//8,n",4096,512,4096,bf16,64,64,64,5,4,8,1,132,1,6.421440124511719,2.6753919449348356
ws,"n,n//8,n",4096,512,4096,bf16,64,64,64,5,8,8,0,0,0,0.0679374546038382,252.8777282602137
persistent,"n,n//8,n",4096,512,4096,bf16,64,64,64,5,8,8,1,132,0,0.0031062857493192758,5530.678942774297
ws,"n,n//8,n",4096,512,4096,bf16,64,64,64,5,8,8,0,0,0,0.06817648514653697,251.99112490287496
persistent,"n,n//8,n",4096,512,4096,bf16,64,64,64,5,8,8,1,132,1,6.523263931274414,2.6336308579566645
ws,"n,n//8,n",4096,512,4096,bf16,64,128,64,2,4,8,0,0,0,0.0689086067405614,249.3138375106267
persistent,"n,n//8,n",4096,512,4096,bf16,64,128,64,2,4,8,1,132,0,0.003097043520487521,5547.183651231234
ws,"n,n//8,n",4096,512,4096,bf16,64,128,64,2,4,8,0,0,0,0.06873939378243504,249.9275632016116
persistent,"n,n//8,n",4096,512,4096,bf16,64,128,64,2,4,8,1,132,1,6.800576210021973,2.5262372854056276
ws,"n,n//8,n",4096,512,4096,bf16,64,128,64,2,8,8,0,0,0,0.07971042638919393,215.52850689968227
persistent,"n,n//8,n",4096,512,4096,bf16,64,128,64,2,8,8,1,132,0,0.003096140400310488,5548.80172174271
ws,"n,n//8,n",4096,512,4096,bf16,64,128,64,2,8,8,0,0,0,0.07946701653179575,216.18867718691965
persistent,"n,n//8,n",4096,512,4096,bf16,64,128,64,2,8,8,1,132,1,7.879424095153809,2.180345793871709
ws,"n,n//8,n",4096,512,4096,bf16,64,128,64,3,4,8,0,0,0,0.04733963634867173,362.9066572768897
persistent,"n,n//8,n",4096,512,4096,bf16,64,128,64,3,4,8,1,132,0,0.003093704399045395,5553.17088125843
ws,"n,n//8,n",4096,512,4096,bf16,64,128,64,3,4,8,0,0,0,0.04739711989959081,362.4665216028942
persistent,"n,n//8,n",4096,512,4096,bf16,64,128,64,3,4,8,1,132,1,5.893216133117676,2.9151941479721986
ws,"n,n//8,n",4096,512,4096,bf16,64,128,64,3,8,8,0,0,0,0.0520631350274827,329.9814576077913
persistent,"n,n//8,n",4096,512,4096,bf16,64,128,64,3,8,8,1,132,0,0.0030917565722990295,5556.669415026117
ws,"n,n//8,n",4096,512,4096,bf16,64,128,64,3,8,8,0,0,0,0.05216259479119971,329.3522734589575
persistent,"n,n//8,n",4096,512,4096,bf16,64,128,64,3,8,8,1,132,1,4.099136114120483,4.19109507606242
ws,"n,n//8,n",4096,512,4096,bf16,64,128,64,4,4,8,0,0,0,0.04161896289866648,412.78945911817675
persistent,"n,n//8,n",4096,512,4096,bf16,64,128,64,4,4,8,1,132,0,0.0031040000344586113,5534.751608659841
ws,"n,n//8,n",4096,512,4096,bf16,64,128,64,4,4,8,0,0,0,0.04168120007961988,412.1730936533216
persistent,"n,n//8,n",4096,512,4096,bf16,64,128,64,4,4,8,1,132,1,5.037439823150635,3.410436608105218
ws,"n,n//8,n",4096,512,4096,bf16,64,128,64,4,8,8,0,0,0,0.04424328180268789,388.3045851032751
persistent,"n,n//8,n",4096,512,4096,bf16,64,128,64,4,8,8,1,132,0,0.0030967652595237545,5547.68209542691
ws,"n,n//8,n",4096,512,4096,bf16,64,128,64,4,8,8,0,0,0,0.044566974425927185,385.4843054817173
persistent,"n,n//8,n",4096,512,4096,bf16,64,128,64,4,8,8,1,132,1,3.790479898452759,4.532373114816589
ws,"n,n//8,n",4096,512,4096,bf16,64,128,64,5,4,8,0,0,0,0.05267589181862973,326.14292024048933
persistent,"n,n//8,n",4096,512,4096,bf16,64,128,64,5,4,8,1,132,0,0.003086469624110538,5566.187675976533
ws,"n,n//8,n",4096,512,4096,bf16,64,128,64,5,4,8,0,0,0,0.052882594534674206,324.8681222086306
persistent,"n,n//8,n",4096,512,4096,bf16,64,128,64,5,4,8,1,132,1,5.103072166442871,3.366573825267954
ws,"n,n//8,n",4096,512,4096,bf16,64,128,64,5,8,8,0,0,0,0.06390729404109366,268.8248570335806
persistent,"n,n//8,n",4096,512,4096,bf16,64,128,64,5,8,8,1,132,0,0.0031117913394194583,5520.893694371265
ws,"n,n//8,n",4096,512,4096,bf16,64,128,64,5,8,8,0,0,0,0.06389129402882912,268.8921776454876
persistent,"n,n//8,n",4096,512,4096,bf16,64,128,64,5,8,8,1,132,1,3.6455999612808228,4.712494340153583
ws,"n,n//8,n",4096,512,4096,bf16,128,64,64,2,4,8,0,0,0,0.0700125536093345,245.3826963641771
persistent,"n,n//8,n",4096,512,4096,bf16,128,64,64,2,4,8,1,132,0,0.003109565255758555,5524.846006104831
ws,"n,n//8,n",4096,512,4096,bf16,128,64,64,2,4,8,0,0,0,0.0698021814001329,246.12223915350717
persistent,"n,n//8,n",4096,512,4096,bf16,128,64,64,2,4,8,1,132,1,5.1750078201293945,3.319776468196803
ws,"n,n//8,n",4096,512,4096,bf16,128,64,64,2,8,8,0,0,0,0.07113255376999195,241.51908336584307
persistent,"n,n//8,n",4096,512,4096,bf16,128,64,64,2,8,8,1,132,0,0.0030987130984178055,5544.194844231301
ws,"n,n//8,n",4096,512,4096,bf16,128,64,64,2,8,8,0,0,0,0.07157550065312535,240.02443611618438
persistent,"n,n//8,n",4096,512,4096,bf16,128,64,64,2,8,8,1,132,1,7.50486421585083,2.2891645591288436
ws,"n,n//8,n",4096,512,4096,bf16,128,64,64,3,4,8,0,0,0,0.04950694744720271,347.0193592994536
persistent,"n,n//8,n",4096,512,4096,bf16,128,64,64,3,4,8,1,132,0,0.0031045565705584443,5533.759425395075
ws,"n,n//8,n",4096,512,4096,bf16,128,64,64,3,4,8,0,0,0,0.04978304023543994,345.09481748705775
persistent,"n,n//8,n",4096,512,4096,bf16,128,64,64,3,4,8,1,132,1,4.5122880935668945,3.8073520191437016
ws,"n,n//8,n",4096,512,4096,bf16,128,64,64,3,8,8,0,0,0,0.05069013312458992,338.9193936771493
persistent,"n,n//8,n",4096,512,4096,bf16,128,64,64,3,8,8,1,132,0,0.0030976000464642823,5546.187024244706
ws,"n,n//8,n",4096,512,4096,bf16,128,64,64,3,8,8,0,0,0,0.050627507116288356,339.3386355077462
persistent,"n,n//8,n",4096,512,4096,bf16,128,64,64,3,8,8,1,132,1,4.0713441371917725,4.219704501779083
ws,"n,n//8,n",4096,512,4096,bf16,128,64,64,4,4,8,0,0,0,0.05323200013387848,322.7357443040395
persistent,"n,n//8,n",4096,512,4096,bf16,128,64,64,4,4,8,1,132,0,0.0031023304868975413,5537.730185922448
ws,"n,n//8,n",4096,512,4096,bf16,128,64,64,4,4,8,0,0,0,0.05325106847776125,322.62017786881904
persistent,"n,n//8,n",4096,512,4096,bf16,128,64,64,4,4,8,1,132,1,4.087536096572876,4.202988983609017
ws,"n,n//8,n",4096,512,4096,bf16,128,64,64,4,8,8,0,0,0,0.05328087656669421,322.4396873894358
persistent,"n,n//8,n",4096,512,4096,bf16,128,64,64,4,8,8,1,132,0,0.003100382641929647,5541.209317733576
ws,"n,n//8,n",4096,512,4096,bf16,128,64,64,4,8,8,0,0,0,0.0534176438128295,321.61413266741374
persistent,"n,n//8,n",4096,512,4096,bf16,128,64,64,4,8,8,1,132,1,3.744047999382019,4.588581446294399
ws,"n,n//8,n",4096,512,4096,bf16,128,64,64,5,4,8,0,0,0,0.057815887401221504,297.1478940516449
persistent,"n,n//8,n",4096,512,4096,bf16,128,64,64,5,4,8,1,132,0,0.003117634805486254,5510.545736071379
ws,"n,n//8,n",4096,512,4096,bf16,128,64,64,5,4,8,0,0,0,0.057840000113679305,297.02401712023715
ws,"n,n//8,n",4096,512,4096,bf16,128,64,64,5,8,8,0,0,0,0.05840000001267648,294.1758421279261
persistent,"n,n//8,n",4096,512,4096,bf16,128,64,64,5,8,8,1,132,0,0.0031023158205738454,5537.756365766198
ws,"n,n//8,n",4096,512,4096,bf16,128,64,64,5,8,8,0,0,0,0.058518399936812265,293.58063792842415
persistent,"n,n//8,n",4096,512,4096,bf16,128,64,64,5,8,8,1,132,1,3.653088092803955,4.702834628554895
ws,"n,n//8,n",4096,512,4096,bf16,128,128,64,2,4,8,0,0,0,0.07428215881661764,231.2785392574872
persistent,"n,n//8,n",4096,512,4096,bf16,128,128,64,2,4,8,1,132,0,0.0030950956998149984,5550.674631814093
ws,"n,n//8,n",4096,512,4096,bf16,128,128,64,2,4,8,0,0,0,0.07454882538507855,230.45123910749993
persistent,"n,n//8,n",4096,512,4096,bf16,128,128,64,2,4,8,1,132,1,3.455392003059387,4.971901644962142
ws,"n,n//8,n",4096,512,4096,bf16,128,128,64,2,8,8,0,0,0,0.09346057168607201,183.81943181030462
persistent,"n,n//8,n",4096,512,4096,bf16,128,128,64,2,8,8,1,132,0,0.003099826138223643,5542.204116597627
ws,"n,n//8,n",4096,512,4096,bf16,128,128,64,2,8,8,0,0,0,0.09420857152768544,182.35993716295002
persistent,"n,n//8,n",4096,512,4096,bf16,128,128,64,2,8,8,1,132,1,4.45963191986084,3.852306533974241
ws,"n,n//8,n",4096,512,4096,bf16,128,128,64,3,4,8,0,0,0,0.049204210554690736,349.1544522374663
persistent,"n,n//8,n",4096,512,4096,bf16,128,128,64,3,4,8,1,132,0,0.0031098435025500213,5524.351681977819
ws,"n,n//8,n",4096,512,4096,bf16,128,128,64,3,4,8,0,0,0,0.04916042118872467,349.4654595827657
persistent,"n,n//8,n",4096,512,4096,bf16,128,128,64,3,4,8,1,132,1,3.007861296335856,5.711656054395969
ws,"n,n//8,n",4096,512,4096,bf16,128,128,64,3,8,8,0,0,0,0.05581066679830352,307.82411624084403
persistent,"n,n//8,n",4096,512,4096,bf16,128,128,64,3,8,8,1,132,0,0.0030945391718136227,5551.672876039685
ws,"n,n//8,n",4096,512,4096,bf16,128,128,64,3,8,8,0,0,0,0.055634666699916124,308.79791689353107
persistent,"n,n//8,n",4096,512,4096,bf16,128,128,64,3,8,8,1,132,1,2.753439982732137,6.239420249484809
ws,"n,n//8,n",4096,512,4096,bf16,128,128,64,4,4,8,0,0,0,0.04114251850563803,417.5697018072856
persistent,"n,n//8,n",4096,512,4096,bf16,128,128,64,4,4,8,1,132,0,0.003100939176004866,5540.21482167022
ws,"n,n//8,n",4096,512,4096,bf16,128,128,64,4,4,8,0,0,0,0.041186799947172406,417.1207572823207
persistent,"n,n//8,n",4096,512,4096,bf16,128,128,64,4,4,8,1,132,1,2.559957265853882,6.710998426870067
ws,"n,n//8,n",4096,512,4096,bf16,128,128,64,4,8,8,0,0,0,0.046043897477480084,373.119351862049
persistent,"n,n//8,n",4096,512,4096,bf16,128,128,64,4,8,8,1,132,0,0.0031051130924859773,5532.767623045145
ws,"n,n//8,n",4096,512,4096,bf16,128,128,64,4,8,8,0,0,0,0.04566687183120312,376.19982484242314
persistent,"n,n//8,n",4096,512,4096,bf16,128,128,64,4,8,8,1,132,1,2.550442695617676,6.736034184778778
ws,"n,n//8,n",4096,512,4096,bf16,128,128,64,5,4,8,0,0,0,0.03825040947062423,449.1420986537123
persistent,"n,n//8,n",4096,512,4096,bf16,128,128,64,5,4,8,1,132,0,0.0031120695922847675,5520.400066435266
ws,"n,n//8,n",4096,512,4096,bf16,128,128,64,5,4,8,0,0,0,0.038226891623204015,449.4184186707895
ws,"n,n//8,n",4096,512,4096,bf16,128,128,64,5,8,8,0,0,0,0.04382784824959839,391.9852301705782
persistent,"n,n//8,n",4096,512,4096,bf16,128,128,64,5,8,8,1,132,0,0.003108730468818027,5526.329592199086
ws,"n,n//8,n",4096,512,4096,bf16,128,128,64,5,8,8,0,0,0,0.04347989863798588,395.1221075062704
persistent,"n,n//8,n",4096,512,4096,bf16,128,128,64,5,8,8,1,132,1,2.556661287943522,6.719650062765575
ws,"n,n//8,n",4096,512,4096,bf16,256,64,64,2,4,8,0,0,0,0.0850442665318648,202.0109042572901
persistent,"n,n//8,n",4096,512,4096,bf16,256,64,64,2,4,8,1,132,0,0.003113182648287519,5518.426358135524
ws,"n,n//8,n",4096,512,4096,bf16,256,64,64,2,4,8,0,0,0,0.08526915273929046,201.47812699074504
persistent,"n,n//8,n",4096,512,4096,bf16,256,64,64,2,4,8,1,132,1,3.2819520235061646,5.234649702662764
ws,"n,n//8,n",4096,512,4096,bf16,256,64,64,2,8,8,0,0,0,0.08715606809167539,197.1161567996539
persistent,"n,n//8,n",4096,512,4096,bf16,256,64,64,2,8,8,1,132,0,0.0031048421229219487,5533.250485481086
ws,"n,n//8,n",4096,512,4096,bf16,256,64,64,2,8,8,0,0,0,0.08714955956754038,197.13087787535756
persistent,"n,n//8,n",4096,512,4096,bf16,256,64,64,2,8,8,1,132,1,5.809728145599365,2.9570865888127758
ws,"n,n//8,n",4096,512,4096,bf16,256,64,64,3,4,8,0,0,0,0.05477523303603473,313.6430140369819
persistent,"n,n//8,n",4096,512,4096,bf16,256,64,64,3,4,8,1,132,0,0.003095172462053597,5550.53697156553
ws,"n,n//8,n",4096,512,4096,bf16,256,64,64,3,4,8,0,0,0,0.054494246432226,315.26023954412227
persistent,"n,n//8,n",4096,512,4096,bf16,256,64,64,3,4,8,1,132,1,2.8096426328023276,6.114610087214138
ws,"n,n//8,n",4096,512,4096,bf16,256,64,64,3,8,8,0,0,0,0.0556128887563116,308.918841804459
persistent,"n,n//8,n",4096,512,4096,bf16,256,64,64,3,8,8,1,132,0,0.0031031652535919263,5536.240509303922
ws,"n,n//8,n",4096,512,4096,bf16,256,64,64,3,8,8,0,0,0,0.05575076055148957,308.15488459808967
persistent,"n,n//8,n",4096,512,4096,bf16,256,64,64,3,8,8,1,132,1,3.077205260594686,5.582945474582967
ws,"n,n//8,n",4096,512,4096,bf16,256,64,64,4,4,8,0,0,0,0.046532986854965035,369.1976454798951
persistent,"n,n//8,n",4096,512,4096,bf16,256,64,64,4,4,8,1,132,0,0.0030889739687352076,5561.67496323524
ws,"n,n//8,n",4096,512,4096,bf16,256,64,64,4,4,8,0,0,0,0.045952000010472074,373.865537519256
persistent,"n,n//8,n",4096,512,4096,bf16,256,64,64,4,4,8,1,132,1,2.7249279816945395,6.304705775495918
ws,"n,n//8,n",4096,512,4096,bf16,256,64,64,4,8,8,0,0,0,0.04647397414430395,369.66645311321275
persistent,"n,n//8,n",4096,512,4096,bf16,256,64,64,4,8,8,1,132,0,0.0031140174170065185,5516.947044090357
ws,"n,n//8,n",4096,512,4096,bf16,256,64,64,4,8,8,0,0,0,0.04693984438653116,365.9975743108676
persistent,"n,n//8,n",4096,512,4096,bf16,256,64,64,4,8,8,1,132,1,2.9245546658833823,5.874353926227841
ws,"n,n//8,n",4096,512,4096,bf16,256,128,64,2,4,8,0,0,0,0.2406399990281751,71.39240879895661
persistent,"n,n//8,n",4096,512,4096,bf16,256,128,64,2,4,8,1,132,0,0.003115130466935427,5514.975814448325
ws,"n,n//8,n",4096,512,4096,bf16,256,128,64,2,4,8,0,0,0,0.23946529098095432,71.7426275583562
persistent,"n,n//8,n",4096,512,4096,bf16,256,128,64,2,4,8,1,132,1,2.5493226846059165,6.738993571798749
ws,"n,n//8,n",4096,512,4096,bf16,256,128,64,2,8,8,0,0,0,0.11666089828525271,147.26330275627353
persistent,"n,n//8,n",4096,512,4096,bf16,256,128,64,2,8,8,1,132,0,0.0031220869890049747,5502.687543461213
ws,"n,n//8,n",4096,512,4096,bf16,256,128,64,2,8,8,0,0,0,0.11529280006885528,149.01077234432523
persistent,"n,n//8,n",4096,512,4096,bf16,256,128,64,2,8,8,1,132,1,3.8634079694747925,4.446817245224946
ws,"n,n//8,n",4096,512,4096,bf16,256,128,64,3,4,8,0,0,0,0.20566117719692342,83.53481886155906
persistent,"n,n//8,n",4096,512,4096,bf16,256,128,64,3,4,8,1,132,0,0.003103721773494845,5535.247821087767
ws,"n,n//8,n",4096,512,4096,bf16,256,128,64,3,4,8,0,0,0,0.2059247059857144,83.42791653757087
persistent,"n,n//8,n",4096,512,4096,bf16,256,128,64,3,4,8,1,132,1,2.4736000696818032,6.945289739666756
ws,"n,n//8,n",4096,512,4096,bf16,256,128,64,3,8,8,0,0,0,0.06647880564429867,258.42626108421024
persistent,"n,n//8,n",4096,512,4096,bf16,256,128,64,3,8,8,1,132,0,0.0031155087891149157,5514.306120407584
ws,"n,n//8,n",4096,512,4096,bf16,256,128,64,3,8,8,0,0,0,0.06664023837491648,257.800236057777
persistent,"n,n//8,n",4096,512,4096,bf16,256,128,64,3,8,8,1,132,1,2.5110719998677573,6.841647386018703
ws,"n,n,n//8",8192,8192,1024,bf16,64,64,64,2,4,8,0,0,0,0.5365759991109371,256.14070271448065
persistent,"n,n,n//8",8192,8192,1024,bf16,64,64,64,2,4,8,1,132,0,0.0031006018140773595,44326.54101148988
ws,"n,n,n//8",8192,8192,1024,bf16,64,64,64,2,4,8,0,0,0,0.541169997304678,253.96632140828393
persistent,"n,n,n//8",8192,8192,1024,bf16,64,64,64,2,4,8,1,132,1,81.55391693115234,1.6852526358485724
ws,"n,n,n//8",8192,8192,1024,bf16,64,64,64,2,8,8,0,0,0,0.5485461314519247,250.55131299206937
persistent,"n,n,n//8",8192,8192,1024,bf16,64,64,64,2,8,8,1,132,0,0.0030937043889223232,44425.36719543402
ws,"n,n,n//8",8192,8192,1024,bf16,64,64,64,2,8,8,0,0,0,0.5479551951090494,250.8215173407527
persistent,"n,n,n//8",8192,8192,1024,bf16,64,64,64,2,8,8,1,132,1,111.7867202758789,1.2294747813766593
ws,"n,n,n//8",8192,8192,1024,bf16,64,64,64,3,4,8,0,0,0,0.5392819941043854,254.85544663928985
persistent,"n,n,n//8",8192,8192,1024,bf16,64,64,64,3,4,8,1,132,0,0.003103721787667145,44281.98236650052
ws,"n,n,n//8",8192,8192,1024,bf16,64,64,64,3,4,8,0,0,0,0.5344180054962635,257.17500544236606
persistent,"n,n,n//8",8192,8192,1024,bf16,64,64,64,3,4,8,1,132,1,62.089473724365234,2.2135628670672083
ws,"n,n,n//8",8192,8192,1024,bf16,64,64,64,3,8,8,0,0,0,0.527479998767376,260.557658666053
persistent,"n,n,n//8",8192,8192,1024,bf16,64,64,64,3,8,8,1,132,0,0.0030984827979660496,44356.8554139528
ws,"n,n,n//8",8192,8192,1024,bf16,64,64,64,3,8,8,0,0,0,0.5279099941253662,260.34542820070476
persistent,"n,n,n//8",8192,8192,1024,bf16,64,64,64,3,8,8,1,132,1,65.22684478759766,2.1070918564212517
ws,"n,n,n//8",8192,8192,1024,bf16,64,64,64,4,4,8,0,0,0,0.5360620021820068,256.38630030213545
persistent,"n,n,n//8",8192,8192,1024,bf16,64,64,64,4,4,8,1,132,0,0.0031111724433842405,44175.93559118119
ws,"n,n,n//8",8192,8192,1024,bf16,64,64,64,4,4,8,0,0,0,0.5344300046563148,257.16923128293524
persistent,"n,n,n//8",8192,8192,1024,bf16,64,64,64,4,4,8,1,132,1,58.75062561035156,2.339361530948259
ws,"n,n,n//8",8192,8192,1024,bf16,64,64,64,4,8,8,0,0,0,0.5383499972522259,255.29665491501353
persistent,"n,n,n//8",8192,8192,1024,bf16,64,64,64,4,8,8,1,132,0,0.0031259826283254054,43966.64019391122
ws,"n,n,n//8",8192,8192,1024,bf16,64,64,64,4,8,8,0,0,0,0.5385700054466724,255.19236511883466
persistent,"n,n,n//8",8192,8192,1024,bf16,64,64,64,4,8,8,1,132,1,65.91939544677734,2.0849547017306436
ws,"n,n,n//8",8192,8192,1024,bf16,64,64,64,5,4,8,0,0,0,0.5631189386049906,244.0673613508298
persistent,"n,n,n//8",8192,8192,1024,bf16,64,64,64,5,4,8,1,132,0,0.003104275897354016,44274.07808344242
ws,"n,n,n//8",8192,8192,1024,bf16,64,64,64,5,4,8,0,0,0,0.5643242637316386,243.54606439066453
persistent,"n,n,n//8",8192,8192,1024,bf16,64,64,64,5,4,8,1,132,1,59.9317741394043,2.293256881605242
ws,"n,n,n//8",8192,8192,1024,bf16,64,64,64,5,8,8,0,0,0,0.5993120116846902,229.32788062373984
persistent,"n,n,n//8",8192,8192,1024,bf16,64,64,64,5,8,8,1,132,0,0.0030998621087778232,44337.11844240317
ws,"n,n,n//8",8192,8192,1024,bf16,64,64,64,5,8,8,0,0,0,0.5988319941929409,229.511707465179
persistent,"n,n,n//8",8192,8192,1024,bf16,64,64,64,5,8,8,1,132,1,66.84384155273438,2.05611990991828
ws,"n,n,n//8",8192,8192,1024,bf16,64,128,64,2,4,8,0,0,0,0.40244160145521163,341.51278837731144
persistent,"n,n,n//8",8192,8192,1024,bf16,64,128,64,2,4,8,1,132,0,0.0031103448609114976,44187.68966722327
ws,"n,n,n//8",8192,8192,1024,bf16,64,128,64,2,4,8,0,0,0,0.4036255985498428,340.5109932714735
persistent,"n,n,n//8",8192,8192,1024,bf16,64,128,64,2,4,8,1,132,1,58.421791076660156,2.352528926948761
ws,"n,n,n//8",8192,8192,1024,bf16,64,128,64,2,8,8,0,0,0,0.4147488012909889,331.3787840837482
persistent,"n,n,n//8",8192,8192,1024,bf16,64,128,64,2,8,8,1,132,0,0.003103448308859791,44285.884536770376
ws,"n,n,n//8",8192,8192,1024,bf16,64,128,64,2,8,8,0,0,0,0.41645120084285736,330.02414975352866
persistent,"n,n,n//8",8192,8192,1024,bf16,64,128,64,2,8,8,1,132,1,61.01606369018555,2.2525044252257636
ws,"n,n,n//8",8192,8192,1024,bf16,64,128,64,3,4,8,0,0,0,0.3997728005051613,343.79265747526904
persistent,"n,n,n//8",8192,8192,1024,bf16,64,128,64,3,4,8,1,132,0,0.003103142895270139,44290.24318586382
ws,"n,n,n//8",8192,8192,1024,bf16,64,128,64,3,4,8,0,0,0,0.39976960271596906,343.795407500376
persistent,"n,n,n//8",8192,8192,1024,bf16,64,128,64,3,4,8,1,132,1,53.0931510925293,2.588638094440376
ws,"n,n,n//8",8192,8192,1024,bf16,64,128,64,3,8,8,0,0,0,0.4060943976044655,338.440900152149
persistent,"n,n,n//8",8192,8192,1024,bf16,64,128,64,3,8,8,1,132,0,0.0030998621188136266,44337.11829886175
ws,"n,n,n//8",8192,8192,1024,bf16,64,128,64,3,8,8,0,0,0,0.403998401761055,340.19677521716613
persistent,"n,n,n//8",8192,8192,1024,bf16,64,128,64,3,8,8,1,132,1,35.184513092041016,3.9062343455618165
ws,"n,n,n//8",8192,8192,1024,bf16,64,128,64,4,4,8,0,0,0,0.3970799967646599,346.1240923537553
persistent,"n,n,n//8",8192,8192,1024,bf16,64,128,64,4,4,8,1,132,0,0.0031075862473165937,44226.915211340885
ws,"n,n,n//8",8192,8192,1024,bf16,64,128,64,4,4,8,0,0,0,0.39602719992399216,347.0442270085946
persistent,"n,n,n//8",8192,8192,1024,bf16,64,128,64,4,4,8,1,132,1,47.86198425292969,2.871568231389972
ws,"n,n,n//8",8192,8192,1024,bf16,64,128,64,4,8,8,0,0,0,0.4193583177892785,327.73632390680535
persistent,"n,n,n//8",8192,8192,1024,bf16,64,128,64,4,8,8,1,132,0,0.003100413821059568,44329.2287430941
ws,"n,n,n//8",8192,8192,1024,bf16,64,128,64,4,8,8,0,0,0,0.4217145270422885,325.90519097346146
persistent,"n,n,n//8",8192,8192,1024,bf16,64,128,64,4,8,8,1,132,1,36.4598388671875,3.7695984881515736
ws,"n,n,n//8",8192,8192,1024,bf16,64,128,64,5,4,8,0,0,0,0.4976225881015553,276.19114718311647
persistent,"n,n,n//8",8192,8192,1024,bf16,64,128,64,5,4,8,1,132,0,0.003104551765537853,44270.14392146532
ws,"n,n,n//8",8192,8192,1024,bf16,64,128,64,5,4,8,0,0,0,0.4979971769978018,275.9833987424524
persistent,"n,n,n//8",8192,8192,1024,bf16,64,128,64,5,4,8,1,132,1,47.42985534667969,2.8977308167485556
ws,"n,n,n//8",8192,8192,1024,bf16,64,128,64,5,8,8,0,0,0,0.6642633768228384,206.90430673653634
persistent,"n,n,n//8",8192,8192,1024,bf16,64,128,64,5,8,8,1,132,0,0.0031067826521947333,44238.35487008034
ws,"n,n,n//8",8192,8192,1024,bf16,64,128,64,5,8,8,0,0,0,0.6639704612585214,206.99558412808247
persistent,"n,n,n//8",8192,8192,1024,bf16,64,128,64,5,8,8,1,132,1,37.5912971496582,3.656137560904829
ws,"n,n,n//8",8192,8192,1024,bf16,128,64,64,2,4,8,0,0,0,0.41041759848594667,334.87587759155537
persistent,"n,n,n//8",8192,8192,1024,bf16,128,64,64,2,4,8,1,132,0,0.0031125517662389784,44156.359088630685
ws,"n,n,n//8",8192,8192,1024,bf16,128,64,64,2,4,8,0,0,0,0.41079519838094714,334.56806217230235
persistent,"n,n,n//8",8192,8192,1024,bf16,128,64,64,2,4,8,1,132,1,43.2916145324707,3.1747245963514357
ws,"n,n,n//8",8192,8192,1024,bf16,128,64,64,2,8,8,0,0,0,0.4096928000450134,335.4683154229203
persistent,"n,n,n//8",8192,8192,1024,bf16,128,64,64,2,8,8,1,132,0,0.0031172414109560437,44089.9293166544
ws,"n,n,n//8",8192,8192,1024,bf16,128,64,64,2,8,8,0,0,0,0.4070303991436958,337.662626086754
persistent,"n,n,n//8",8192,8192,1024,bf16,128,64,64,2,8,8,1,132,1,60.54399871826172,2.270067329242075
ws,"n,n,n//8",8192,8192,1024,bf16,128,64,64,3,4,8,0,0,0,0.4020367980003357,341.8566513204725
persistent,"n,n,n//8",8192,8192,1024,bf16,128,64,64,3,4,8,1,132,0,0.003114482785318175,44128.98158239755
ws,"n,n,n//8",8192,8192,1024,bf16,128,64,64,3,4,8,0,0,0,0.4041743963956833,340.04863914598
persistent,"n,n,n//8",8192,8192,1024,bf16,128,64,64,3,4,8,1,132,1,39.78755187988281,3.454320433861406
ws,"n,n,n//8",8192,8192,1024,bf16,128,64,64,3,8,8,0,0,0,0.4067552000284195,337.89107911195066
persistent,"n,n,n//8",8192,8192,1024,bf16,128,64,64,3,8,8,1,132,0,0.0031020690000551784,44305.57588163103
ws,"n,n,n//8",8192,8192,1024,bf16,128,64,64,3,8,8,0,0,0,0.4048703983426094,339.4640705633816
persistent,"n,n,n//8",8192,8192,1024,bf16,128,64,64,3,8,8,1,132,1,36.268638610839844,3.7894709792311514
ws,"n,n,n//8",8192,8192,1024,bf16,128,64,64,4,4,8,0,0,0,0.407896001636982,336.94606693967427
persistent,"n,n,n//8",8192,8192,1024,bf16,128,64,64,4,4,8,1,132,0,0.0030959304847309123,44393.42360878162
ws,"n,n,n//8",8192,8192,1024,bf16,128,64,64,4,4,8,0,0,0,0.40806240141391753,336.8086669974502
persistent,"n,n,n//8",8192,8192,1024,bf16,128,64,64,4,4,8,1,132,1,35.918174743652344,3.8264459275255613
ws,"n,n,n//8",8192,8192,1024,bf16,128,64,64,4,8,8,0,0,0,0.41500799506902697,331.1718210371832
persistent,"n,n,n//8",8192,8192,1024,bf16,128,64,64,4,8,8,1,132,0,0.0030995478651121905,44341.61350401514
ws,"n,n,n//8",8192,8192,1024,bf16,128,64,64,4,8,8,0,0,0,0.415276800096035,330.9574564247666
persistent,"n,n,n//8",8192,8192,1024,bf16,128,64,64,4,8,8,1,132,1,36.50553512573242,3.7648798462653
ws,"n,n,n//8",8192,8192,1024,bf16,128,64,64,5,4,8,0,0,0,0.557422935962677,246.56135333692546
persistent,"n,n,n//8",8192,8192,1024,bf16,128,64,64,5,4,8,1,132,0,0.0031131826503121335,44147.41083637354
ws,"n,n,n//8",8192,8192,1024,bf16,128,64,64,5,4,8,0,0,0,0.555677862962087,247.33566447900273
ws,"n,n,n//8",8192,8192,1024,bf16,128,64,64,5,8,8,0,0,0,0.5585450649261474,246.06600631261978
persistent,"n,n,n//8",8192,8192,1024,bf16,128,64,64,5,8,8,1,132,0,0.0031048348092514535,44266.10815572995
ws,"n,n,n//8",8192,8192,1024,bf16,128,64,64,5,8,8,0,0,0,0.5589034676551818,245.90821389713335
persistent,"n,n,n//8",8192,8192,1024,bf16,128,64,64,5,8,8,1,132,1,37.541439056396484,3.660993209810973
ws,"n,n,n//8",8192,8192,1024,bf16,128,128,64,2,4,8,0,0,0,0.27786074192435656,494.63250015151726
persistent,"n,n,n//8",8192,8192,1024,bf16,128,128,64,2,4,8,1,132,0,0.003126068998144233,43965.42544441264
ws,"n,n,n//8",8192,8192,1024,bf16,128,128,64,2,4,8,0,0,0,0.2766957029148384,496.7151713024653
persistent,"n,n,n//8",8192,8192,1024,bf16,128,128,64,2,4,8,1,132,1,29.838272094726562,4.606129773053787
ws,"n,n,n//8",8192,8192,1024,bf16,128,128,64,2,8,8,0,0,0,0.3887177123909905,353.57008206962655
persistent,"n,n,n//8",8192,8192,1024,bf16,128,128,64,2,8,8,1,132,0,0.0030915862639787897,44455.80415249992
ws,"n,n,n//8",8192,8192,1024,bf16,128,128,64,2,8,8,0,0,0,0.3892571443603152,353.080105177928
persistent,"n,n,n//8",8192,8192,1024,bf16,128,128,64,2,8,8,1,132,1,35.241920471191406,3.89987127927236
ws,"n,n,n//8",8192,8192,1024,bf16,128,128,64,3,4,8,0,0,0,0.2848201471346396,482.54645907134557
persistent,"n,n,n//8",8192,8192,1024,bf16,128,128,64,3,4,8,1,132,0,0.003097379363366756,44372.65744632846
ws,"n,n,n//8",8192,8192,1024,bf16,128,128,64,3,4,8,0,0,0,0.28480355717517714,482.57456766055765
persistent,"n,n,n//8",8192,8192,1024,bf16,128,128,64,3,4,8,1,132,1,27.317407608032227,5.031185808114104
ws,"n,n,n//8",8192,8192,1024,bf16,128,128,64,3,8,8,0,0,0,0.29895384495074934,459.7330183013439
persistent,"n,n,n//8",8192,8192,1024,bf16,128,128,64,3,8,8,1,132,0,0.0031081739549889513,44218.55258499795
ws,"n,n,n//8",8192,8192,1024,bf16,128,128,64,3,8,8,0,0,0,0.29915938354455507,459.4171569802377
persistent,"n,n,n//8",8192,8192,1024,bf16,128,128,64,3,8,8,1,132,1,24.907424926757812,5.517991276743772
ws,"n,n,n//8",8192,8192,1024,bf16,128,128,64,4,4,8,0,0,0,0.34524521749952564,398.09082502986104
persistent,"n,n,n//8",8192,8192,1024,bf16,128,128,64,4,4,8,1,132,0,0.003105931090399751,44250.483823293966
ws,"n,n,n//8",8192,8192,1024,bf16,128,128,64,4,4,8,0,0,0,0.3455568681592527,397.7317950707325
persistent,"n,n,n//8",8192,8192,1024,bf16,128,128,64,4,4,8,1,132,1,23.196447372436523,5.925000120290558
ws,"n,n,n//8",8192,8192,1024,bf16,128,128,64,4,8,8,0,0,0,0.40870879888534545,336.2759838957017
persistent,"n,n,n//8",8192,8192,1024,bf16,128,128,64,4,8,8,1,132,0,0.0031070608969615853,44234.39321913594
ws,"n,n,n//8",8192,8192,1024,bf16,128,128,64,4,8,8,0,0,0,0.41039040237665175,334.89806943842717
persistent,"n,n,n//8",8192,8192,1024,bf16,128,128,64,4,8,8,1,132,1,24.59993553161621,5.586963969696643
ws,"n,n,n//8",8192,8192,1024,bf16,128,128,64,5,4,8,0,0,0,0.33175600320100784,414.2772162248622
persistent,"n,n,n//8",8192,8192,1024,bf16,128,128,64,5,4,8,1,132,0,0.0031092414162764005,44203.37152095306
ws,"n,n,n//8",8192,8192,1024,bf16,128,128,64,5,4,8,0,0,0,0.3315720024208228,414.5071129906981
ws,"n,n,n//8",8192,8192,1024,bf16,128,128,64,5,8,8,0,0,0,0.413646399974823,332.26193550908545
persistent,"n,n,n//8",8192,8192,1024,bf16,128,128,64,5,8,8,1,132,0,0.003108137971641303,44219.0645093606
ws,"n,n,n//8",8192,8192,1024,bf16,128,128,64,5,8,8,0,0,0,0.4136687994003296,332.24394411963596
persistent,"n,n,n//8",8192,8192,1024,bf16,128,128,64,5,8,8,1,132,1,25.06528091430664,5.483240101791688
ws,"n,n,n//8",8192,8192,1024,bf16,256,64,64,2,4,8,0,0,0,0.37787733049619765,363.7131481042442
persistent,"n,n,n//8",8192,8192,1024,bf16,256,64,64,2,4,8,1,132,0,0.003108137971641303,44219.0645093606
ws,"n,n,n//8",8192,8192,1024,bf16,256,64,64,2,4,8,0,0,0,0.37828418896311805,363.3219613241621
persistent,"n,n,n//8",8192,8192,1024,bf16,256,64,64,2,4,8,1,132,1,28.8341121673584,4.766540154740311
ws,"n,n,n//8",8192,8192,1024,bf16,256,64,64,2,8,8,0,0,0,0.3829546698502132,358.8909191935357
persistent,"n,n,n//8",8192,8192,1024,bf16,256,64,64,2,8,8,1,132,0,0.0031009655534129203,44321.34156431851
ws,"n,n,n//8",8192,8192,1024,bf16,256,64,64,2,8,8,0,0,0,0.3838613345509484,358.0432335879306
persistent,"n,n,n//8",8192,8192,1024,bf16,256,64,64,2,8,8,1,132,1,46.95619201660156,2.926961228529943
ws,"n,n,n//8",8192,8192,1024,bf16,256,64,64,3,4,8,0,0,0,0.4425330507127862,310.5733080289204
persistent,"n,n,n//8",8192,8192,1024,bf16,256,64,64,3,4,8,1,132,0,0.0031015172817519514,44313.45724901618
ws,"n,n,n//8",8192,8192,1024,bf16,256,64,64,3,4,8,0,0,0,0.43986526288484273,312.45693867847365
persistent,"n,n,n//8",8192,8192,1024,bf16,256,64,64,3,4,8,1,132,1,25.88960075378418,5.3086548061932195
ws,"n,n,n//8",8192,8192,1024,bf16,256,64,64,3,8,8,0,0,0,0.44755733675426906,307.08680695242566
persistent,"n,n,n//8",8192,8192,1024,bf16,256,64,64,3,8,8,1,132,0,0.0031076174269875755,44226.471469246746
ws,"n,n,n//8",8192,8192,1024,bf16,256,64,64,3,8,8,0,0,0,0.44779733651214176,306.92222187496964
persistent,"n,n,n//8",8192,8192,1024,bf16,256,64,64,3,8,8,1,132,1,27.45635223388672,5.0057251706718855
ws,"n,n,n//8",8192,8192,1024,bf16,256,64,64,4,4,8,0,0,0,0.4085520014166832,336.4050426761358
persistent,"n,n,n//8",8192,8192,1024,bf16,256,64,64,4,4,8,1,132,0,0.0031177931513380387,44082.12694065878
ws,"n,n,n//8",8192,8192,1024,bf16,256,64,64,4,4,8,0,0,0,0.40554080009460447,338.9029006204512
persistent,"n,n,n//8",8192,8192,1024,bf16,256,64,64,4,4,8,1,132,1,24.944095611572266,5.509879195950412
ws,"n,n,n//8",8192,8192,1024,bf16,256,64,64,4,8,8,0,0,0,0.4134960025548935,332.38278634568985
persistent,"n,n,n//8",8192,8192,1024,bf16,256,64,64,4,8,8,1,132,0,0.003105931072335305,44250.48408065979
ws,"n,n,n//8",8192,8192,1024,bf16,256,64,64,4,8,8,0,0,0,0.4124704018235207,333.2092505653401
persistent,"n,n,n//8",8192,8192,1024,bf16,256,64,64,4,8,8,1,132,1,27.23369598388672,5.046650794417258
ws,"n,n,n//8",8192,8192,1024,bf16,256,128,64,2,4,8,0,0,0,0.77188363942233,178.05657025566438
persistent,"n,n,n//8",8192,8192,1024,bf16,256,128,64,2,4,8,1,132,0,0.0031114483095609166,44172.018879335075
ws,"n,n,n//8",8192,8192,1024,bf16,256,128,64,2,4,8,0,0,0,0.7710661779750477,178.2453405399499
persistent,"n,n,n//8",8192,8192,1024,bf16,256,128,64,2,4,8,1,132,1,22.946048736572266,5.989656652866107
ws,"n,n,n//8",8192,8192,1024,bf16,256,128,64,2,8,8,0,0,0,0.470609779159228,292.04440612675484
persistent,"n,n,n//8",8192,8192,1024,bf16,256,128,64,2,8,8,1,132,0,0.00310151727773763,44313.45730637149
ws,"n,n,n//8",8192,8192,1024,bf16,256,128,64,2,8,8,0,0,0,0.4701511065165202,292.32932043981197
persistent,"n,n,n//8",8192,8192,1024,bf16,256,128,64,2,8,8,1,132,1,31.341472625732422,4.385210456229741
ws,"n,n,n//8",8192,8192,1024,bf16,256,128,64,3,4,8,0,0,0,0.9639466669824388,142.57941666237835
persistent,"n,n,n//8",8192,8192,1024,bf16,256,128,64,3,4,8,1,132,0,0.0031136552128812364,44140.71053962978
ws,"n,n,n//8",8192,8192,1024,bf16,256,128,64,3,4,8,0,0,0,0.9616711139678955,142.91679502041097
persistent,"n,n,n//8",8192,8192,1024,bf16,256,128,64,3,4,8,1,132,1,22.105632781982422,6.2173725053472335
ws,"n,n,n//8",8192,8192,1024,bf16,256,128,64,3,8,8,0,0,0,0.3097113609313965,443.7646493130867
persistent,"n,n,n//8",8192,8192,1024,bf16,256,128,64,3,8,8,1,132,0,0.0030984827899374068,44356.8555288882
ws,"n,n,n//8",8192,8192,1024,bf16,256,128,64,3,8,8,0,0,0,0.30943872094154357,444.15564107105956
persistent,"n,n,n//8",8192,8192,1024,bf16,256,128,64,3,8,8,1,132,1,23.160863876342773,5.934103071707287
ws,"n,n//8,n",8192,1024,8192,bf16,64,64,64,2,4,8,0,0,0,0.47694870303658876,288.16296720583904
persistent,"n,n//8,n",8192,1024,8192,bf16,64,64,64,2,4,8,1,132,0,0.0030992696142714956,44345.59447139482
ws,"n,n//8,n",8192,1024,8192,bf16,64,64,64,2,4,8,0,0,0,0.4781195293454563,287.457309389042
persistent,"n,n//8,n",8192,1024,8192,bf16,64,64,64,2,4,8,1,132,1,76.64857482910156,1.7931051396381323
ws,"n,n//8,n",8192,1024,8192,bf16,64,64,64,2,8,8,0,0,0,0.5042465925216675,272.56297912631754
persistent,"n,n//8,n",8192,1024,8192,bf16,64,64,64,2,8,8,1,132,0,0.0031081739590381797,44218.552527391446
ws,"n,n//8,n",8192,1024,8192,bf16,64,64,64,2,8,8,0,0,0,0.5046494164887596,272.3454124415128
persistent,"n,n//8,n",8192,1024,8192,bf16,64,64,64,2,8,8,1,132,1,108.79126739501953,1.2633270736056519
ws,"n,n//8,n",8192,1024,8192,bf16,64,64,64,3,4,8,0,0,0,0.5014983503257527,274.0566412286806
persistent,"n,n//8,n",8192,1024,8192,bf16,64,64,64,3,4,8,1,132,0,0.0031037241830651104,44281.94819047063
ws,"n,n//8,n",8192,1024,8192,bf16,64,64,64,3,4,8,0,0,0,0.4989496451966903,275.4565611882946
persistent,"n,n//8,n",8192,1024,8192,bf16,64,64,64,3,4,8,1,132,1,54.362911224365234,2.528175007125086
ws,"n,n//8,n",8192,1024,8192,bf16,64,64,64,3,8,8,0,0,0,0.49869929166401133,275.59484396580365
persistent,"n,n//8,n",8192,1024,8192,bf16,64,64,64,3,8,8,1,132,0,0.0031001379749544993,44333.17309821257
ws,"n,n//8,n",8192,1024,8192,bf16,64,64,64,3,8,8,0,0,0,0.495776001144858,277.21985968385445
persistent,"n,n//8,n",8192,1024,8192,bf16,64,64,64,3,8,8,1,132,1,55.314144134521484,2.4846981838452513
ws,"n,n//8,n",8192,1024,8192,bf16,64,64,64,4,4,8,0,0,0,0.49749647168552175,276.26116222765523
persistent,"n,n//8,n",8192,1024,8192,bf16,64,64,64,4,4,8,1,132,0,0.003098434831380196,44357.542098369035
ws,"n,n//8,n",8192,1024,8192,bf16,64,64,64,4,4,8,0,0,0,0.4976263554657207,276.18905623150334
persistent,"n,n//8,n",8192,1024,8192,bf16,64,64,64,4,4,8,1,132,1,49.768062591552734,2.7615893871530353
ws,"n,n//8,n",8192,1024,8192,bf16,64,64,64,4,8,8,0,0,0,0.49426823328523073,278.0655203319271
persistent,"n,n//8,n",8192,1024,8192,bf16,64,64,64,4,8,8,1,132,0,0.0030962758966528907,44388.47120199239
ws,"n,n//8,n",8192,1024,8192,bf16,64,64,64,4,8,8,0,0,0,0.49422494102926817,278.08987783127844
persistent,"n,n//8,n",8192,1024,8192,bf16,64,64,64,4,8,8,1,132,1,51.307552337646484,2.678727540295375
ws,"n,n//8,n",8192,1024,8192,bf16,64,64,64,5,4,8,0,0,0,0.49687717767322764,276.6054865220375
persistent,"n,n//8,n",8192,1024,8192,bf16,64,64,64,5,4,8,1,132,0,0.003108452217977332,44214.59422060264
ws,"n,n//8,n",8192,1024,8192,bf16,64,64,64,5,4,8,0,0,0,0.49750399940154133,276.25698212944695
persistent,"n,n//8,n",8192,1024,8192,bf16,64,64,64,5,4,8,1,132,1,49.46169662475586,2.7786946839832227
ws,"n,n//8,n",8192,1024,8192,bf16,64,64,64,5,8,8,0,0,0,0.498317176804823,275.8061729945765
persistent,"n,n//8,n",8192,1024,8192,bf16,64,64,64,5,8,8,1,132,0,0.0031120000378999473,44164.187595816074
ws,"n,n//8,n",8192,1024,8192,bf16,64,64,64,5,8,8,0,0,0,0.502096942242454,273.7299152991716
persistent,"n,n//8,n",8192,1024,8192,bf16,64,64,64,5,8,8,1,132,1,49.36076736450195,2.7843763541415263
ws,"n,n//8,n",8192,1024,8192,bf16,64,128,64,2,4,8,0,0,0,0.29513476674373335,465.6820170269495
persistent,"n,n//8,n",8192,1024,8192,bf16,64,128,64,2,4,8,1,132,0,0.0031078956899759564,44222.51168701974
ws,"n,n//8,n",8192,1024,8192,bf16,64,128,64,2,4,8,0,0,0,0.2996836935098355,458.61338620844685
persistent,"n,n//8,n",8192,1024,8192,bf16,64,128,64,2,4,8,1,132,1,52.253822326660156,2.6302181802665556
ws,"n,n//8,n",8192,1024,8192,bf16,64,128,64,2,8,8,0,0,0,0.3252173314491908,422.60648551404864
persistent,"n,n//8,n",8192,1024,8192,bf16,64,128,64,2,8,8,1,132,0,0.003109241420290722,44203.371463882366
ws,"n,n//8,n",8192,1024,8192,bf16,64,128,64,2,8,8,0,0,0,0.32731999829411507,419.891708995133
persistent,"n,n//8,n",8192,1024,8192,bf16,64,128,64,2,8,8,1,132,1,60.38662338256836,2.275983417739402
ws,"n,n//8,n",8192,1024,8192,bf16,64,128,64,3,4,8,0,0,0,0.3659330904483795,375.5849281178573
persistent,"n,n//8,n",8192,1024,8192,bf16,64,128,64,3,4,8,1,132,0,0.0031202758907276236,44047.051698351686
ws,"n,n//8,n",8192,1024,8192,bf16,64,128,64,3,4,8,0,0,0,0.3596261821009896,382.17171138391876
persistent,"n,n//8,n",8192,1024,8192,bf16,64,128,64,3,4,8,1,132,1,45.75564956665039,3.0037592029329248
ws,"n,n//8,n",8192,1024,8192,bf16,64,128,64,3,8,8,0,0,0,0.36007709394801746,381.69313122661833
persistent,"n,n//8,n",8192,1024,8192,bf16,64,128,64,3,8,8,1,132,0,0.003116965546786528,44093.83145530572
ws,"n,n//8,n",8192,1024,8192,bf16,64,128,64,3,8,8,0,0,0,0.3577570928768678,384.16835391521784
persistent,"n,n//8,n",8192,1024,8192,bf16,64,128,64,3,8,8,1,132,1,30.8887996673584,4.449475374636782
ws,"n,n//8,n",8192,1024,8192,bf16,64,128,64,4,4,8,0,0,0,0.34706086956936383,396.00820928771213
persistent,"n,n//8,n",8192,1024,8192,bf16,64,128,64,4,4,8,1,132,0,0.003097878305403435,44365.51081825062
ws,"n,n//8,n",8192,1024,8192,bf16,64,128,64,4,4,8,0,0,0,0.34522852042446966,398.11007880523414
persistent,"n,n//8,n",8192,1024,8192,bf16,64,128,64,4,4,8,1,132,1,38.9466552734375,3.528902610688022
ws,"n,n//8,n",8192,1024,8192,bf16,64,128,64,4,8,8,0,0,0,0.35038887029108795,392.24691514265743
persistent,"n,n//8,n",8192,1024,8192,bf16,64,128,64,4,8,8,1,132,0,0.0031114482975179523,44172.01905030434
ws,"n,n//8,n",8192,1024,8192,bf16,64,128,64,4,8,8,0,0,0,0.352603634650057,389.7831444885753
persistent,"n,n//8,n",8192,1024,8192,bf16,64,128,64,4,8,8,1,132,1,28.703264236450195,4.788269109039754
ws,"n,n//8,n",8192,1024,8192,bf16,64,128,64,5,4,8,0,0,0,0.32094133521119755,428.2369965886675
persistent,"n,n//8,n",8192,1024,8192,bf16,64,128,64,5,4,8,1,132,0,0.003101773942699251,44309.790465386635
ws,"n,n//8,n",8192,1024,8192,bf16,64,128,64,5,4,8,0,0,0,0.32035066684087116,429.0265877307211
persistent,"n,n//8,n",8192,1024,8192,bf16,64,128,64,5,4,8,1,132,1,38.922176361083984,3.5311220060504427
ws,"n,n//8,n",8192,1024,8192,bf16,64,128,64,5,8,8,0,0,0,0.41797726405294316,328.81920930175585
persistent,"n,n//8,n",8192,1024,8192,bf16,64,128,64,5,8,8,1,132,0,0.0031106207210666917,44183.77095645062
ws,"n,n//8,n",8192,1024,8192,bf16,64,128,64,5,8,8,0,0,0,0.4187435790112144,328.2174589913395
persistent,"n,n//8,n",8192,1024,8192,bf16,64,128,64,5,8,8,1,132,1,27.550048828125,4.9887009031974126
ws,"n,n//8,n",8192,1024,8192,bf16,128,64,64,2,4,8,0,0,0,0.3481349582257478,394.7864189578969
persistent,"n,n//8,n",8192,1024,8192,bf16,128,64,64,2,4,8,1,132,0,0.0031045565462630726,44270.075749605545
ws,"n,n//8,n",8192,1024,8192,bf16,128,64,64,2,4,8,0,0,0,0.34436869621276855,399.10408519560445
persistent,"n,n//8,n",8192,1024,8192,bf16,128,64,64,2,4,8,1,132,1,40.44131088256836,3.3984791905259697
ws,"n,n//8,n",8192,1024,8192,bf16,128,64,64,2,8,8,0,0,0,0.3518427830675374,390.6260411930011
persistent,"n,n//8,n",8192,1024,8192,bf16,128,64,64,2,8,8,1,132,0,0.003117356546547102,44088.30091130654
ws,"n,n//8,n",8192,1024,8192,bf16,128,64,64,2,8,8,0,0,0,0.3476966969344927,395.2840354359017
persistent,"n,n//8,n",8192,1024,8192,bf16,128,64,64,2,8,8,1,132,1,58.976287841796875,2.3304103818924347
ws,"n,n//8,n",8192,1024,8192,bf16,128,64,64,3,4,8,0,0,0,0.41106400042772295,334.34928217744954
persistent,"n,n//8,n",8192,1024,8192,bf16,128,64,64,3,4,8,1,132,0,0.003112069588235539,44163.200588944484
ws,"n,n//8,n",8192,1024,8192,bf16,128,64,64,3,4,8,0,0,0,0.39964799880981444,343.90001671797387
persistent,"n,n//8,n",8192,1024,8192,bf16,128,64,64,3,4,8,1,132,1,35.266048431396484,3.8972031056828453
ws,"n,n//8,n",8192,1024,8192,bf16,128,64,64,3,8,8,0,0,0,0.40720159709453585,337.5206640952643
persistent,"n,n//8,n",8192,1024,8192,bf16,128,64,64,3,8,8,1,132,0,0.0031117913495425295,44167.149411288505
ws,"n,n//8,n",8192,1024,8192,bf16,128,64,64,3,8,8,0,0,0,0.4008687987923622,342.85270863195615
persistent,"n,n//8,n",8192,1024,8192,bf16,128,64,64,3,8,8,1,132,1,33.656097412109375,4.0836271594147995
ws,"n,n//8,n",8192,1024,8192,bf16,128,64,64,4,4,8,0,0,0,0.3893059023788997,353.03588420356084
persistent,"n,n//8,n",8192,1024,8192,bf16,128,64,64,4,4,8,1,132,0,0.0031001379669258564,44333.173213025264
ws,"n,n//8,n",8192,1024,8192,bf16,128,64,64,4,4,8,0,0,0,0.38927543021383737,353.06351956634364
persistent,"n,n//8,n",8192,1024,8192,bf16,128,64,64,4,4,8,1,132,1,31.955167770385742,4.300993018079871
ws,"n,n//8,n",8192,1024,8192,bf16,128,64,64,4,8,8,0,0,0,0.3911756191934858,351.3484653142942
persistent,"n,n//8,n",8192,1024,8192,bf16,128,64,64,4,8,8,1,132,0,0.0031089655641498492,44207.293595283954
ws,"n,n//8,n",8192,1024,8192,bf16,128,64,64,4,8,8,0,0,0,0.3878567630336398,354.35492318611335
persistent,"n,n//8,n",8192,1024,8192,bf16,128,64,64,4,8,8,1,132,1,28.62099266052246,4.802033077684704
ws,"n,n//8,n",8192,1024,8192,bf16,128,64,64,5,4,8,0,0,0,0.3765150507291158,365.0291089449187
persistent,"n,n//8,n",8192,1024,8192,bf16,128,64,64,5,4,8,1,132,0,0.0030871724633596324,44519.36362584399
ws,"n,n//8,n",8192,1024,8192,bf16,128,64,64,5,4,8,0,0,0,0.37853714256059556,363.07917511687515
ws,"n,n//8,n",8192,1024,8192,bf16,128,64,64,5,8,8,0,0,0,0.37858742617425467,363.03095129403516
persistent,"n,n//8,n",8192,1024,8192,bf16,128,64,64,5,8,8,1,132,0,0.003102887000726617,44293.895794405435
ws,"n,n//8,n",8192,1024,8192,bf16,128,64,64,5,8,8,0,0,0,0.3767649559747605,364.7869879947301
persistent,"n,n//8,n",8192,1024,8192,bf16,128,64,64,5,8,8,1,132,1,27.45929527282715,5.005188665857905
ws,"n,n//8,n",8192,1024,8192,bf16,128,128,64,2,4,8,0,0,0,0.27232237105016355,504.6921152382404
persistent,"n,n//8,n",8192,1024,8192,bf16,128,128,64,2,4,8,1,132,0,0.0031012174288701753,44317.74186245022
ws,"n,n//8,n",8192,1024,8192,bf16,128,128,64,2,4,8,0,0,0,0.27470628385032925,500.3123756240033
persistent,"n,n//8,n",8192,1024,8192,bf16,128,128,64,2,4,8,1,132,1,27.11542320251465,5.068663411429038
ws,"n,n//8,n",8192,1024,8192,bf16,128,128,64,2,8,8,0,0,0,0.3122111988067627,440.21147863137764
persistent,"n,n//8,n",8192,1024,8192,bf16,128,128,64,2,8,8,1,132,0,0.003094069015411339,44420.13180295148
ws,"n,n//8,n",8192,1024,8192,bf16,128,128,64,2,8,8,0,0,0,0.3129318404197693,439.1977284498704
persistent,"n,n//8,n",8192,1024,8192,bf16,128,128,64,2,8,8,1,132,1,34.850494384765625,3.943672992256873
ws,"n,n//8,n",8192,1024,8192,bf16,128,128,64,3,4,8,0,0,0,0.22787999967113137,603.1198598839179
persistent,"n,n//8,n",8192,1024,8192,bf16,128,128,64,3,4,8,1,132,0,0.0030998261301251858,44337.63304861539
ws,"n,n//8,n",8192,1024,8192,bf16,128,128,64,3,4,8,0,0,0,0.2263449993915856,607.2100282375812
persistent,"n,n//8,n",8192,1024,8192,bf16,128,128,64,3,4,8,1,132,1,22.813568115234375,6.024439174870739
ws,"n,n//8,n",8192,1024,8192,bf16,128,128,64,3,8,8,0,0,0,0.24060283841625338,571.2274816734482
persistent,"n,n//8,n",8192,1024,8192,bf16,128,128,64,3,8,8,1,132,0,0.0030945391778874655,44413.38292114459
ws,"n,n//8,n",8192,1024,8192,bf16,128,128,64,3,8,8,0,0,0,0.2410477423860181,570.1731620116269
persistent,"n,n//8,n",8192,1024,8192,bf16,128,128,64,3,8,8,1,132,1,21.06163215637207,6.525560433853587
ws,"n,n//8,n",8192,1024,8192,bf16,128,128,64,4,4,8,0,0,0,0.2280620001256466,602.6385517810091
persistent,"n,n//8,n",8192,1024,8192,bf16,128,128,64,4,4,8,1,132,0,0.003092413836415729,44443.907168420585
ws,"n,n//8,n",8192,1024,8192,bf16,128,128,64,4,4,8,0,0,0,0.22740399930626154,604.3823059017575
persistent,"n,n//8,n",8192,1024,8192,bf16,128,128,64,4,4,8,1,132,1,19.774240493774414,6.950403658500579
ws,"n,n//8,n",8192,1024,8192,bf16,128,128,64,4,8,8,0,0,0,0.2741200008562633,501.3824348558464
persistent,"n,n//8,n",8192,1024,8192,bf16,128,128,64,4,8,8,1,132,0,0.0031001043931135667,44333.65333673948
ws,"n,n//8,n",8192,1024,8192,bf16,128,128,64,4,8,8,0,0,0,0.27411085686513353,501.39916033906655
persistent,"n,n//8,n",8192,1024,8192,bf16,128,128,64,4,8,8,1,132,1,19.57276725769043,7.021947978153074
ws,"n,n//8,n",8192,1024,8192,bf16,128,128,64,5,4,8,0,0,0,0.23688154931991331,580.2011759319672
persistent,"n,n//8,n",8192,1024,8192,bf16,128,128,64,5,4,8,1,132,0,0.003112140366921953,44162.19619551842
ws,"n,n//8,n",8192,1024,8192,bf16,128,128,64,5,4,8,0,0,0,0.23808853328227997,577.2598603438457
ws,"n,n//8,n",8192,1024,8192,bf16,128,128,64,5,8,8,0,0,0,0.27387199976614546,501.8364549474087
persistent,"n,n//8,n",8192,1024,8192,bf16,128,128,64,5,8,8,1,132,0,0.003101495704006242,44313.765546883835
ws,"n,n//8,n",8192,1024,8192,bf16,128,128,64,5,8,8,0,0,0,0.2734742888382503,502.56627069351276
persistent,"n,n//8,n",8192,1024,8192,bf16,128,128,64,5,8,8,1,132,1,19.596288681030273,7.013519534698657
ws,"n,n//8,n",8192,1024,8192,bf16,256,64,64,2,4,8,0,0,0,0.3442420894684999,399.25086930596393
persistent,"n,n//8,n",8192,1024,8192,bf16,256,64,64,2,4,8,1,132,0,0.003091756568249801,44453.35537842884
ws,"n,n//8,n",8192,1024,8192,bf16,256,64,64,2,4,8,0,0,0,0.34365773848865344,399.92975009505807
persistent,"n,n//8,n",8192,1024,8192,bf16,256,64,64,2,4,8,1,132,1,31.949024200439453,4.301820068423546
ws,"n,n//8,n",8192,1024,8192,bf16,256,64,64,2,8,8,0,0,0,0.3482991301495096,394.6003350998995
persistent,"n,n//8,n",8192,1024,8192,bf16,256,64,64,2,8,8,1,132,0,0.003123756558836802,43997.9719556566
ws,"n,n//8,n",8192,1024,8192,bf16,256,64,64,2,8,8,0,0,0,0.3494024341521056,393.354310211155
persistent,"n,n//8,n",8192,1024,8192,bf16,256,64,64,2,8,8,1,132,1,56.439361572265625,2.4351613775081695
ws,"n,n//8,n",8192,1024,8192,bf16,256,64,64,3,4,8,0,0,0,0.37475809171086266,366.74045607543104
persistent,"n,n//8,n",8192,1024,8192,bf16,256,64,64,3,4,8,1,132,0,0.0031109565605773873,44179.00115149523
ws,"n,n//8,n",8192,1024,8192,bf16,256,64,64,3,4,8,0,0,0,0.37725561999139334,364.3125408579348
persistent,"n,n//8,n",8192,1024,8192,bf16,256,64,64,3,4,8,1,132,1,21.93881607055664,6.264647692472899
ws,"n,n//8,n",8192,1024,8192,bf16,256,64,64,3,8,8,0,0,0,0.3807710494313921,360.9490629007601
persistent,"n,n//8,n",8192,1024,8192,bf16,256,64,64,3,8,8,1,132,0,0.00311568700303526,44111.92566458338
ws,"n,n//8,n",8192,1024,8192,bf16,256,64,64,3,8,8,0,0,0,0.3757942815621694,365.72923063296486
persistent,"n,n//8,n",8192,1024,8192,bf16,256,64,64,3,8,8,1,132,1,28.51535987854004,4.81982181033013
ws,"n,n//8,n",8192,1024,8192,bf16,256,64,64,4,4,8,0,0,0,0.32921599845091504,417.47349496592483
persistent,"n,n//8,n",8192,1024,8192,bf16,256,64,64,4,4,8,1,132,0,0.003112347867420834,44159.251898115755
ws,"n,n//8,n",8192,1024,8192,bf16,256,64,64,4,4,8,0,0,0,0.33052532995740574,415.81973003313095
persistent,"n,n//8,n",8192,1024,8192,bf16,256,64,64,4,4,8,1,132,1,20.295072555541992,6.77203558133964
ws,"n,n//8,n",8192,1024,8192,bf16,256,64,64,4,8,8,0,0,0,0.3280960023403168,418.89859215487115
persistent,"n,n//8,n",8192,1024,8192,bf16,256,64,64,4,8,8,1,132,0,0.0030973793593524345,44372.65750383711
ws,"n,n//8,n",8192,1024,8192,bf16,256,64,64,4,8,8,0,0,0,0.3304706650475661,415.8885129856164
persistent,"n,n//8,n",8192,1024,8192,bf16,256,64,64,4,8,8,1,132,1,22.71788787841797,6.049812121952025
ws,"n,n//8,n",8192,1024,8192,bf16,256,128,64,2,4,8,0,0,0,0.7553716410290111,181.94878654005683
persistent,"n,n//8,n",8192,1024,8192,bf16,256,128,64,2,4,8,1,132,0,0.0031059310683209836,44250.48413785219
ws,"n,n//8,n",8192,1024,8192,bf16,256,128,64,2,4,8,0,0,0,0.7550952651283958,182.01538245459662
persistent,"n,n//8,n",8192,1024,8192,bf16,256,128,64,2,4,8,1,132,1,19.831104278564453,6.930474044279949
ws,"n,n//8,n",8192,1024,8192,bf16,256,128,64,2,8,8,0,0,0,0.4304976824082826,319.25596603247993
persistent,"n,n//8,n",8192,1024,8192,bf16,256,128,64,2,8,8,1,132,0,0.0030943448675378902,44416.17187335602
ws,"n,n//8,n",8192,1024,8192,bf16,256,128,64,2,8,8,0,0,0,0.430965897284056,318.909116331801
persistent,"n,n//8,n",8192,1024,8192,bf16,256,128,64,2,8,8,1,132,1,33.47964859008789,4.105149225272654
ws,"n,n//8,n",8192,1024,8192,bf16,256,128,64,3,4,8,0,0,0,0.9270044565200806,148.26137296894734
persistent,"n,n//8,n",8192,1024,8192,bf16,256,128,64,3,4,8,1,132,0,0.003112551760217496,44156.35917405472
ws,"n,n//8,n",8192,1024,8192,bf16,256,128,64,3,4,8,0,0,0,0.9283235669136047,148.05069953027584
persistent,"n,n//8,n",8192,1024,8192,bf16,256,128,64,3,4,8,1,132,1,19.30179214477539,7.12052810646404
ws,"n,n//8,n",8192,1024,8192,bf16,256,128,64,3,8,8,0,0,0,0.2278689998202026,603.1489741054932
persistent,"n,n//8,n",8192,1024,8192,bf16,256,128,64,3,8,8,1,132,0,0.0031037217775440732,44281.98251093025
ws,"n,n//8,n",8192,1024,8192,bf16,256,128,64,3,8,8,0,0,0,0.2280210005119443,602.7469099926197
persistent,"n,n//8,n",8192,1024,8192,bf16,256,128,64,3,8,8,1,132,1,19.49228858947754,7.050939803250873
ws,"n,n,n//8",16384,16384,2048,bf16,64,64,64,2,4,8,0,0,0,4.143280029296875,265.372270278963
persistent,"n,n,n//8",16384,16384,2048,bf16,64,64,64,2,4,8,1,132,0,0.0031189725097747296,352523.6674354059
ws,"n,n,n//8",16384,16384,2048,bf16,64,64,64,2,4,8,0,0,0,4.136048078536987,265.8362782293676
persistent,"n,n,n//8",16384,16384,2048,bf16,64,64,64,2,4,8,1,132,1,633.0331420898438,1.7368942550877549
ws,"n,n,n//8",16384,16384,2048,bf16,64,64,64,2,8,8,0,0,0,4.109679937362671,267.54191190898337
persistent,"n,n,n//8",16384,16384,2048,bf16,64,64,64,2,8,8,1,132,0,0.0031090087378802507,353653.43763094617
ws,"n,n,n//8",16384,16384,2048,bf16,64,64,64,2,8,8,0,0,0,4.117840051651001,267.0117377034019
persistent,"n,n,n//8",16384,16384,2048,bf16,64,64,64,2,8,8,1,132,1,887.8887329101562,1.2383439354751418
ws,"n,n,n//8",16384,16384,2048,bf16,64,64,64,3,4,8,0,0,0,4.123167991638184,266.6667062816305
persistent,"n,n,n//8",16384,16384,2048,bf16,64,64,64,3,4,8,1,132,0,0.0031145739429832803,353021.52008721867
ws,"n,n,n//8",16384,16384,2048,bf16,64,64,64,3,4,8,0,0,0,4.121039867401123,266.8044142143647
persistent,"n,n,n//8",16384,16384,2048,bf16,64,64,64,3,4,8,1,132,1,461.93426513671875,2.3802339656500204
ws,"n,n,n//8",16384,16384,2048,bf16,64,64,64,3,8,8,0,0,0,4.0963521003723145,268.41238273342424
persistent,"n,n,n//8",16384,16384,2048,bf16,64,64,64,3,8,8,1,132,0,0.003103438640225744,354288.18006081844
ws,"n,n,n//8",16384,16384,2048,bf16,64,64,64,3,8,8,0,0,0,4.096303939819336,268.4155384779609
persistent,"n,n,n//8",16384,16384,2048,bf16,64,64,64,3,8,8,1,132,1,478.5110778808594,2.2977767466644914
ws,"n,n,n//8",16384,16384,2048,bf16,64,64,64,4,4,8,0,0,0,4.149327993392944,264.98546982228777
persistent,"n,n,n//8",16384,16384,2048,bf16,64,64,64,4,4,8,1,132,0,0.0031056696083396674,354033.67596587766
ws,"n,n,n//8",16384,16384,2048,bf16,64,64,64,4,4,8,0,0,0,4.151727914810181,264.8322940079445
persistent,"n,n,n//8",16384,16384,2048,bf16,64,64,64,4,4,8,1,132,1,430.1492919921875,2.5561163257615442
ws,"n,n,n//8",16384,16384,2048,bf16,64,64,64,4,8,8,0,0,0,4.094336032867432,268.54455006858996
persistent,"n,n,n//8",16384,16384,2048,bf16,64,64,64,4,8,8,1,132,0,0.003111448321603881,353376.1496669264
ws,"n,n,n//8",16384,16384,2048,bf16,64,64,64,4,8,8,0,0,0,4.09552001953125,268.466915686532
persistent,"n,n,n//8",16384,16384,2048,bf16,64,64,64,4,8,8,1,132,1,465.67694091796875,2.3611038708693206
ws,"n,n,n//8",16384,16384,2048,bf16,64,64,64,5,4,8,0,0,0,4.10752010345459,267.6825919491584
persistent,"n,n,n//8",16384,16384,2048,bf16,64,64,64,5,4,8,1,132,0,0.0031145739450078942,353021.5198577387
ws,"n,n,n//8",16384,16384,2048,bf16,64,64,64,5,4,8,0,0,0,4.107280015945435,267.6982391040872
persistent,"n,n,n//8",16384,16384,2048,bf16,64,64,64,5,4,8,1,132,1,433.08953857421875,2.5387628419650135
ws,"n,n,n//8",16384,16384,2048,bf16,64,64,64,5,8,8,0,0,0,4.0976479053497314,268.3275023069991
persistent,"n,n,n//8",16384,16384,2048,bf16,64,64,64,5,8,8,1,132,0,0.003101217441017861,354541.93351083616
ws,"n,n,n//8",16384,16384,2048,bf16,64,64,64,5,8,8,0,0,0,4.080847978591919,269.43214585400517
persistent,"n,n,n//8",16384,16384,2048,bf16,64,64,64,5,8,8,1,132,1,458.0799255371094,2.4002615405745997
ws,"n,n,n//8",16384,16384,2048,bf16,64,128,64,2,4,8,0,0,0,3.0770347118377686,357.32831467452417
persistent,"n,n,n//8",16384,16384,2048,bf16,64,128,64,2,4,8,1,132,0,0.003105947879426505,354001.9570383191
ws,"n,n,n//8",16384,16384,2048,bf16,64,128,64,2,4,8,0,0,0,3.0861973762512207,356.26743650192844
persistent,"n,n,n//8",16384,16384,2048,bf16,64,128,64,2,4,8,1,132,1,437.93426513671875,2.5106773214759603
ws,"n,n,n//8",16384,16384,2048,bf16,64,128,64,2,8,8,0,0,0,3.0725759665171304,357.8468489494611
persistent,"n,n,n//8",16384,16384,2048,bf16,64,128,64,2,8,8,1,132,0,0.0031109565585527733,353432.0094419757
ws,"n,n,n//8",16384,16384,2048,bf16,64,128,64,2,8,8,0,0,0,3.0754133065541587,357.5167036680172
persistent,"n,n,n//8",16384,16384,2048,bf16,64,128,64,2,8,8,1,132,1,485.3522033691406,2.265389175414442
ws,"n,n,n//8",16384,16384,2048,bf16,64,128,64,3,4,8,0,0,0,3.1208213170369468,352.3148287194884
persistent,"n,n,n//8",16384,16384,2048,bf16,64,128,64,3,4,8,1,132,0,0.0031236491509174045,351995.87874748267
ws,"n,n,n//8",16384,16384,2048,bf16,64,128,64,3,4,8,0,0,0,3.1200106938680015,352.40636512463095
persistent,"n,n,n//8",16384,16384,2048,bf16,64,128,64,3,4,8,1,132,1,393.7503662109375,2.792407886135086
ws,"n,n,n//8",16384,16384,2048,bf16,64,128,64,3,8,8,0,0,0,3.140554745992025,350.1010861788658
persistent,"n,n,n//8",16384,16384,2048,bf16,64,128,64,3,8,8,1,132,0,0.0031078956980744132,353780.09257428884
ws,"n,n,n//8",16384,16384,2048,bf16,64,128,64,3,8,8,0,0,0,3.1395200888315835,350.21646514935946
persistent,"n,n,n//8",16384,16384,2048,bf16,64,128,64,3,8,8,1,132,1,259.5929260253906,4.235522302593321
ws,"n,n,n//8",16384,16384,2048,bf16,64,128,64,4,4,8,0,0,0,3.115210692087809,352.94936248408584
persistent,"n,n,n//8",16384,16384,2048,bf16,64,128,64,4,4,8,1,132,0,0.00310344352265415,354287.6226842587
ws,"n,n,n//8",16384,16384,2048,bf16,64,128,64,4,4,8,0,0,0,3.1094186305999756,353.60681799344735
persistent,"n,n,n//8",16384,16384,2048,bf16,64,128,64,4,4,8,1,132,1,342.0840759277344,3.2141561246138592
ws,"n,n,n//8",16384,16384,2048,bf16,64,128,64,4,8,8,0,0,0,3.0884159406026206,356.01151170119266
persistent,"n,n,n//8",16384,16384,2048,bf16,64,128,64,4,8,8,1,132,0,0.0031240348117021117,351952.42500416876
ws,"n,n,n//8",16384,16384,2048,bf16,64,128,64,4,8,8,0,0,0,3.0766826470692954,357.36920375045617
persistent,"n,n,n//8",16384,16384,2048,bf16,64,128,64,4,8,8,1,132,1,257.5928955078125,4.268408201276083
ws,"n,n,n//8",16384,16384,2048,bf16,64,128,64,5,4,8,0,0,0,3.1762026945749917,346.1717445344356
persistent,"n,n,n//8",16384,16384,2048,bf16,64,128,64,5,4,8,1,132,0,0.0031132631845314776,353170.1506120717
ws,"n,n,n//8",16384,16384,2048,bf16,64,128,64,5,4,8,0,0,0,3.172821283340454,346.5406745564934
persistent,"n,n,n//8",16384,16384,2048,bf16,64,128,64,5,4,8,1,132,1,346.4120788574219,3.173999103618274
ws,"n,n,n//8",16384,16384,2048,bf16,64,128,64,5,8,8,0,0,0,4.073967933654785,269.8871580929751
persistent,"n,n,n//8",16384,16384,2048,bf16,64,128,64,5,8,8,1,132,0,0.0030995478691614193,354732.9075687004
ws,"n,n,n//8",16384,16384,2048,bf16,64,128,64,5,8,8,0,0,0,4.080624103546143,269.4469276943453
persistent,"n,n,n//8",16384,16384,2048,bf16,64,128,64,5,8,8,1,132,1,256.0735168457031,4.293734242102473
ws,"n,n,n//8",16384,16384,2048,bf16,128,64,64,2,4,8,0,0,0,3.1273386478424072,351.58060945352616
persistent,"n,n,n//8",16384,16384,2048,bf16,128,64,64,2,4,8,1,132,0,0.0031078957000990276,353780.09234382154
ws,"n,n,n//8",16384,16384,2048,bf16,128,64,64,2,4,8,0,0,0,3.1173333326975503,352.7090337896428
persistent,"n,n,n//8",16384,16384,2048,bf16,128,64,64,2,4,8,1,132,1,331.4060363769531,3.317717564218945
ws,"n,n,n//8",16384,16384,2048,bf16,128,64,64,2,8,8,0,0,0,3.136693318684896,350.53207823230423
persistent,"n,n,n//8",16384,16384,2048,bf16,128,64,64,2,8,8,1,132,0,0.0031053913453512865,354065.39965468395
ws,"n,n,n//8",16384,16384,2048,bf16,128,64,64,2,8,8,0,0,0,3.1332693894704184,350.9151276526013
persistent,"n,n,n//8",16384,16384,2048,bf16,128,64,64,2,8,8,1,132,1,472.7165832519531,2.325942576865283
ws,"n,n,n//8",16384,16384,2048,bf16,128,64,64,3,4,8,0,0,0,3.1166720390319824,352.7838713878606
persistent,"n,n,n//8",16384,16384,2048,bf16,128,64,64,3,4,8,1,132,0,0.0031109565585527733,353432.0094419757
ws,"n,n,n//8",16384,16384,2048,bf16,128,64,64,3,4,8,0,0,0,3.1134400367736816,353.15008954383933
persistent,"n,n,n//8",16384,16384,2048,bf16,128,64,64,3,4,8,1,132,1,297.1363525390625,3.7003605192718876
ws,"n,n,n//8",16384,16384,2048,bf16,128,64,64,3,8,8,0,0,0,3.117695967356364,352.6680084550791
persistent,"n,n,n//8",16384,16384,2048,bf16,128,64,64,3,8,8,1,132,0,0.0031042783014962206,354192.35035919625
ws,"n,n,n//8",16384,16384,2048,bf16,128,64,64,3,8,8,0,0,0,3.1183679898579917,352.5920068933464
persistent,"n,n,n//8",16384,16384,2048,bf16,128,64,64,3,8,8,1,132,1,259.58935546875,4.2355805606534656
ws,"n,n,n//8",16384,16384,2048,bf16,128,64,64,4,4,8,0,0,0,3.1555093924204507,348.4418808630494
persistent,"n,n,n//8",16384,16384,2048,bf16,128,64,64,4,4,8,1,132,0,0.003097878305403435,354924.086546005
ws,"n,n,n//8",16384,16384,2048,bf16,128,64,64,4,4,8,0,0,0,3.143338680267334,349.79101510069825
persistent,"n,n,n//8",16384,16384,2048,bf16,128,64,64,4,4,8,1,132,1,269.56451416015625,4.078844098606939
ws,"n,n,n//8",16384,16384,2048,bf16,128,64,64,4,8,8,0,0,0,3.1405226389567056,350.10466542640887
persistent,"n,n,n//8",16384,16384,2048,bf16,128,64,64,4,8,8,1,132,0,0.0031028869987020026,354351.1665864554
ws,"n,n,n//8",16384,16384,2048,bf16,128,64,64,4,8,8,0,0,0,3.1401706536610923,350.1439090560543
persistent,"n,n,n//8",16384,16384,2048,bf16,128,64,64,4,8,8,1,132,1,256.3386535644531,4.289293138147586
ws,"n,n,n//8",16384,16384,2048,bf16,128,64,64,5,4,8,0,0,0,3.346783995628357,328.52781333130736
persistent,"n,n,n//8",16384,16384,2048,bf16,128,64,64,5,4,8,1,132,0,0.003094260920972928,355339.0149885229
ws,"n,n,n//8",16384,16384,2048,bf16,128,64,64,5,4,8,0,0,0,3.356640100479126,327.56315686601494
ws,"n,n,n//8",16384,16384,2048,bf16,128,64,64,5,8,8,0,0,0,3.3907198905944824,324.2708519880793
persistent,"n,n,n//8",16384,16384,2048,bf16,128,64,64,5,8,8,1,132,0,0.0031006316258163566,354608.9185897769
ws,"n,n,n//8",16384,16384,2048,bf16,128,64,64,5,8,8,0,0,0,3.417904019355774,321.6917799766777
persistent,"n,n,n//8",16384,16384,2048,bf16,128,64,64,5,8,8,1,132,1,255.82826232910156,4.297850510205048
ws,"n,n,n//8",16384,16384,2048,bf16,128,128,64,2,4,8,0,0,0,2.0870479941368103,526.8262305729825
persistent,"n,n,n//8",16384,16384,2048,bf16,128,128,64,2,4,8,1,132,0,0.0031078956798528848,353780.09464849427
ws,"n,n,n//8",16384,16384,2048,bf16,128,128,64,2,4,8,0,0,0,2.0840799808502197,527.5765027633172
persistent,"n,n,n//8",16384,16384,2048,bf16,128,128,64,2,4,8,1,132,1,220.7070770263672,4.981768788703793
ws,"n,n,n//8",16384,16384,2048,bf16,128,128,64,2,8,8,0,0,0,2.6654934088389077,412.4983480094024
persistent,"n,n,n//8",16384,16384,2048,bf16,128,128,64,2,8,8,1,132,0,0.003116243510790493,352832.3842372281
ws,"n,n,n//8",16384,16384,2048,bf16,128,128,64,2,8,8,0,0,0,2.6670079231262207,412.2641024954929
persistent,"n,n,n//8",16384,16384,2048,bf16,128,128,64,2,8,8,1,132,1,273.37939453125,4.021925755089471
ws,"n,n,n//8",16384,16384,2048,bf16,128,128,64,3,4,8,0,0,0,2.1039440035820007,522.5954806325941
persistent,"n,n,n//8",16384,16384,2048,bf16,128,128,64,3,4,8,1,132,0,0.0031081739448658796,353748.42183211364
ws,"n,n,n//8",16384,16384,2048,bf16,128,128,64,3,4,8,0,0,0,2.1113359928131104,520.7658238758238
persistent,"n,n,n//8",16384,16384,2048,bf16,128,128,64,3,4,8,1,132,1,200.25987243652344,5.490424089451636
ws,"n,n,n//8",16384,16384,2048,bf16,128,128,64,3,8,8,0,0,0,2.1340479850769043,515.2234792585402
persistent,"n,n,n//8",16384,16384,2048,bf16,128,128,64,3,8,8,1,132,0,0.003100382639905033,354637.39656653436
ws,"n,n,n//8",16384,16384,2048,bf16,128,128,64,3,8,8,0,0,0,2.132151961326599,515.6816435784892
persistent,"n,n,n//8",16384,16384,2048,bf16,128,128,64,3,8,8,1,132,1,180.62147521972656,6.087380398363155
ws,"n,n,n//8",16384,16384,2048,bf16,128,128,64,4,4,8,0,0,0,2.1401439905166626,513.7559120545723
persistent,"n,n,n//8",16384,16384,2048,bf16,128,128,64,4,4,8,1,132,0,0.003109333372936306,353616.51386312227
ws,"n,n,n//8",16384,16384,2048,bf16,128,128,64,4,4,8,0,0,0,2.1294559836387634,516.334517465433
persistent,"n,n,n//8",16384,16384,2048,bf16,128,128,64,4,4,8,1,132,1,169.9166717529297,6.470887267464632
ws,"n,n,n//8",16384,16384,2048,bf16,128,128,64,4,8,8,0,0,0,2.527733325958252,434.9792822228113
persistent,"n,n,n//8",16384,16384,2048,bf16,128,128,64,4,8,8,1,132,0,0.00310928699074556,353621.78886946477
ws,"n,n,n//8",16384,16384,2048,bf16,128,128,64,4,8,8,0,0,0,2.530069351196289,434.577663753019
persistent,"n,n,n//8",16384,16384,2048,bf16,128,128,64,4,8,8,1,132,1,174.07618713378906,6.316266721369263
ws,"n,n,n//8",16384,16384,2048,bf16,128,128,64,5,4,8,0,0,0,2.026304066181183,542.619267328503
persistent,"n,n,n//8",16384,16384,2048,bf16,128,128,64,5,4,8,1,132,0,0.0031053913514251293,354065.39896216657
ws,"n,n,n//8",16384,16384,2048,bf16,128,128,64,5,4,8,0,0,0,2.0412479639053345,538.6467725716204
ws,"n,n,n//8",16384,16384,2048,bf16,128,128,64,5,8,8,0,0,0,2.5395946502685547,432.9476862221811
persistent,"n,n,n//8",16384,16384,2048,bf16,128,128,64,5,8,8,1,132,0,0.0031170782977310214,352737.89194719767
ws,"n,n,n//8",16384,16384,2048,bf16,128,128,64,5,8,8,0,0,0,2.5410346190134683,432.70234082952976
persistent,"n,n,n//8",16384,16384,2048,bf16,128,128,64,5,8,8,1,132,1,175.60240173339844,6.261370100423177
ws,"n,n,n//8",16384,16384,2048,bf16,256,64,64,2,4,8,0,0,0,2.8353386720021567,387.7884637321251
persistent,"n,n,n//8",16384,16384,2048,bf16,256,64,64,2,4,8,1,132,0,0.0030998621188136266,354696.946390894
ws,"n,n,n//8",16384,16384,2048,bf16,256,64,64,2,4,8,0,0,0,2.8363520304361978,387.6499165045137
persistent,"n,n,n//8",16384,16384,2048,bf16,256,64,64,2,4,8,1,132,1,209.07513427734375,5.258930630734253
ws,"n,n,n//8",16384,16384,2048,bf16,256,64,64,2,8,8,0,0,0,2.8507519563039145,385.69179101837744
persistent,"n,n,n//8",16384,16384,2048,bf16,256,64,64,2,8,8,1,132,0,0.003108173961062794,353748.4199887056
ws,"n,n,n//8",16384,16384,2048,bf16,256,64,64,2,8,8,0,0,0,2.855392058690389,385.06502966191107
persistent,"n,n,n//8",16384,16384,2048,bf16,256,64,64,2,8,8,1,132,1,359.44921875,3.058878891431726
ws,"n,n,n//8",16384,16384,2048,bf16,256,64,64,3,4,8,0,0,0,2.9638293584187827,370.97669764719336
persistent,"n,n,n//8",16384,16384,2048,bf16,256,64,64,3,4,8,1,132,0,0.0031131826442382907,353179.28738004377
ws,"n,n,n//8",16384,16384,2048,bf16,256,64,64,3,4,8,0,0,0,2.952575922012329,372.3906367923733
persistent,"n,n,n//8",16384,16384,2048,bf16,256,64,64,3,4,8,1,132,1,188.10336303710938,5.845252365632009
ws,"n,n,n//8",16384,16384,2048,bf16,256,64,64,3,8,8,0,0,0,3.003445307413737,366.0834525809255
persistent,"n,n,n//8",16384,16384,2048,bf16,256,64,64,3,8,8,1,132,0,0.0031048348294975964,354128.86293662054
ws,"n,n,n//8",16384,16384,2048,bf16,256,64,64,3,8,8,0,0,0,3.006869316101074,365.6665828103587
persistent,"n,n,n//8",16384,16384,2048,bf16,256,64,64,3,8,8,1,132,1,197.82456970214844,5.558013493629548
ws,"n,n,n//8",16384,16384,2048,bf16,256,64,64,4,4,8,0,0,0,2.7392959594726562,401.38475142629994
persistent,"n,n,n//8",16384,16384,2048,bf16,256,64,64,4,4,8,1,132,0,0.003112069602407839,353305.6031026096
ws,"n,n,n//8",16384,16384,2048,bf16,256,64,64,4,4,8,0,0,0,2.722613255182902,403.8442205050295
persistent,"n,n,n//8",16384,16384,2048,bf16,256,64,64,4,4,8,1,132,1,181.74166870117188,6.0498598677657585
ws,"n,n,n//8",16384,16384,2048,bf16,256,64,64,4,8,8,0,0,0,2.749493360519409,399.8960839710085
persistent,"n,n,n//8",16384,16384,2048,bf16,256,64,64,4,8,8,1,132,0,0.003122921771896274,352077.8642842417
ws,"n,n,n//8",16384,16384,2048,bf16,256,64,64,4,8,8,0,0,0,2.7335894107818604,402.2226686419296
persistent,"n,n,n//8",16384,16384,2048,bf16,256,64,64,4,8,8,1,132,1,193.91567993164062,5.670050138099204
ws,"n,n,n//8",16384,16384,2048,bf16,256,128,64,2,4,8,0,0,0,5.675871849060059,193.71678167083394
persistent,"n,n,n//8",16384,16384,2048,bf16,256,128,64,2,4,8,1,132,0,0.003113739174264281,353116.16235030163
ws,"n,n,n//8",16384,16384,2048,bf16,256,128,64,2,4,8,0,0,0,5.686272144317627,193.36247015098593
persistent,"n,n,n//8",16384,16384,2048,bf16,256,128,64,2,4,8,1,132,1,168.8501434326172,6.511760105284012
ws,"n,n,n//8",16384,16384,2048,bf16,256,128,64,2,8,8,0,0,0,3.221887985865275,341.26314527372176
persistent,"n,n,n//8",16384,16384,2048,bf16,256,128,64,2,8,8,1,132,0,0.003106226136341043,353970.2454088426
ws,"n,n,n//8",16384,16384,2048,bf16,256,128,64,2,8,8,0,0,0,3.2214506467183432,341.3094746294066
persistent,"n,n,n//8",16384,16384,2048,bf16,256,128,64,2,8,8,1,132,1,237.31231689453125,4.633183992150968
ws,"n,n,n//8",16384,16384,2048,bf16,256,128,64,3,4,8,0,0,0,7.091040134429932,155.05646660176362
persistent,"n,n,n//8",16384,16384,2048,bf16,256,128,64,3,4,8,1,132,0,0.0031082105777928966,353744.2526036154
ws,"n,n,n//8",16384,16384,2048,bf16,256,128,64,3,4,8,0,0,0,7.092095851898193,155.03338515676106
persistent,"n,n,n//8",16384,16384,2048,bf16,256,128,64,3,4,8,1,132,1,164.09274291992188,6.700549995148582
ws,"n,n,n//8",16384,16384,2048,bf16,256,128,64,3,8,8,0,0,0,1.971343994140625,557.7472176566089
persistent,"n,n,n//8",16384,16384,2048,bf16,256,128,64,3,8,8,1,132,0,0.0031065043952801952,353938.53922966303
ws,"n,n,n//8",16384,16384,2048,bf16,256,128,64,3,8,8,0,0,0,1.9664080142974854,559.1472470522905
persistent,"n,n,n//8",16384,16384,2048,bf16,256,128,64,3,8,8,1,132,1,168.4468536376953,6.527350342446226
ws,"n,n//8,n",16384,2048,16384,bf16,64,64,64,2,4,8,0,0,0,3.9414080381393433,278.9641714677825
persistent,"n,n//8,n",16384,2048,16384,bf16,64,64,64,2,4,8,1,132,0,0.003105113076289063,354097.12972193345
ws,"n,n//8,n",16384,2048,16384,bf16,64,64,64,2,4,8,0,0,0,3.9228479862213135,280.28402620696636
persistent,"n,n//8,n",16384,2048,16384,bf16,64,64,64,2,4,8,1,132,1,628.191162109375,1.7502819111367298
ws,"n,n//8,n",16384,2048,16384,bf16,64,64,64,2,8,8,0,0,0,3.9431999921798706,278.83739854852513
persistent,"n,n//8,n",16384,2048,16384,bf16,64,64,64,2,8,8,1,132,0,0.003112347859322377,353274.01610415964
ws,"n,n//8,n",16384,2048,16384,bf16,64,64,64,2,8,8,0,0,0,3.9192320108413696,280.5426228236894
persistent,"n,n//8,n",16384,2048,16384,bf16,64,64,64,2,8,8,1,132,1,895.9349975585938,1.2272225449079996
ws,"n,n//8,n",16384,2048,16384,bf16,64,64,64,3,4,8,0,0,0,3.930400013923645,279.7454772748126
persistent,"n,n//8,n",16384,2048,16384,bf16,64,64,64,3,4,8,1,132,0,0.003121252216236747,352266.19049122115
ws,"n,n//8,n",16384,2048,16384,bf16,64,64,64,3,4,8,0,0,0,3.9839999675750732,275.98183652728187
persistent,"n,n//8,n",16384,2048,16384,bf16,64,64,64,3,4,8,1,132,1,441.8565368652344,2.48839054317612
ws,"n,n//8,n",16384,2048,16384,bf16,64,64,64,3,8,8,0,0,0,3.9668800830841064,277.172892738711
persistent,"n,n//8,n",16384,2048,16384,bf16,64,64,64,3,8,8,1,132,0,0.003107895694025185,353780.09303522337
ws,"n,n//8,n",16384,2048,16384,bf16,64,64,64,3,8,8,0,0,0,3.9538559913635254,278.0859065625258
persistent,"n,n//8,n",16384,2048,16384,bf16,64,64,64,3,8,8,1,132,1,455.51751708984375,2.4137636567753296
ws,"n,n//8,n",16384,2048,16384,bf16,64,64,64,4,4,8,0,0,0,4.038703918457031,272.24368262085017
persistent,"n,n//8,n",16384,2048,16384,bf16,64,64,64,4,4,8,1,132,0,0.0031006609170657136,354605.56867873005
ws,"n,n//8,n",16384,2048,16384,bf16,64,64,64,4,4,8,0,0,0,4.007696032524109,274.35005520703385
persistent,"n,n//8,n",16384,2048,16384,bf16,64,64,64,4,4,8,1,132,1,394.3445129394531,2.7882006512027133
ws,"n,n//8,n",16384,2048,16384,bf16,64,64,64,4,8,8,0,0,0,4.029152154922485,272.889080754299
persistent,"n,n//8,n",16384,2048,16384,bf16,64,64,64,4,8,8,1,132,0,0.003099269612246881,354764.75600291055
ws,"n,n//8,n",16384,2048,16384,bf16,64,64,64,4,8,8,0,0,0,4.031856060028076,272.7060716965038
persistent,"n,n//8,n",16384,2048,16384,bf16,64,64,64,4,8,8,1,132,1,407.02215576171875,2.701355717892867
ws,"n,n//8,n",16384,2048,16384,bf16,64,64,64,5,4,8,0,0,0,3.9806560277938843,276.2136743539128
persistent,"n,n//8,n",16384,2048,16384,bf16,64,64,64,5,4,8,1,132,0,0.003113460917349743,353147.7211257022
ws,"n,n//8,n",16384,2048,16384,bf16,64,64,64,5,4,8,0,0,0,3.968016028404236,277.0935449618574
persistent,"n,n//8,n",16384,2048,16384,bf16,64,64,64,5,4,8,1,132,1,391.78448486328125,2.806419524651902
ws,"n,n//8,n",16384,2048,16384,bf16,64,64,64,5,8,8,0,0,0,4.023087978363037,273.3004184073008
persistent,"n,n//8,n",16384,2048,16384,bf16,64,64,64,5,8,8,1,132,0,0.003093426136057014,355434.90596399846
ws,"n,n//8,n",16384,2048,16384,bf16,64,64,64,5,8,8,0,0,0,4.015920162200928,273.78821873127373
persistent,"n,n//8,n",16384,2048,16384,bf16,64,64,64,5,8,8,1,132,1,391.11590576171875,2.8112168581705808
ws,"n,n//8,n",16384,2048,16384,bf16,64,128,64,2,4,8,0,0,0,2.6670506795247397,412.2574933491439
persistent,"n,n//8,n",16384,2048,16384,bf16,64,128,64,2,4,8,1,132,0,0.003115130462886199,352958.45258348883
ws,"n,n//8,n",16384,2048,16384,bf16,64,128,64,2,4,8,0,0,0,2.631989320119222,417.74927404576056
persistent,"n,n//8,n",16384,2048,16384,bf16,64,128,64,2,4,8,1,132,1,452.7944641113281,2.4282797492543198
ws,"n,n//8,n",16384,2048,16384,bf16,64,128,64,2,8,8,0,0,0,2.960480054219564,371.3963977595016
persistent,"n,n//8,n",16384,2048,16384,bf16,64,128,64,2,8,8,1,132,0,0.003119304377342696,352486.16190275823
ws,"n,n//8,n",16384,2048,16384,bf16,64,128,64,2,8,8,0,0,0,2.9694506327311196,370.27442573266023
persistent,"n,n//8,n",16384,2048,16384,bf16,64,128,64,2,8,8,1,132,1,551.997802734375,1.9918768196711323
ws,"n,n//8,n",16384,2048,16384,bf16,64,128,64,3,4,8,0,0,0,2.7969493865966797,393.1110205443806
persistent,"n,n//8,n",16384,2048,16384,bf16,64,128,64,3,4,8,1,132,0,0.0031012174430424754,354541.93327937525
ws,"n,n//8,n",16384,2048,16384,bf16,64,128,64,3,4,8,0,0,0,2.906912008921305,378.24042296485123
persistent,"n,n//8,n",16384,2048,16384,bf16,64,128,64,3,4,8,1,132,1,335.0070495605469,3.282055196206496
ws,"n,n//8,n",16384,2048,16384,bf16,64,128,64,3,8,8,0,0,0,2.8744959831237793,382.50588424240414
persistent,"n,n//8,n",16384,2048,16384,bf16,64,128,64,3,8,8,1,132,0,0.003108413833803658,353721.12162767135
ws,"n,n//8,n",16384,2048,16384,bf16,64,128,64,3,8,8,0,0,0,2.880799929300944,381.66886099681625
persistent,"n,n//8,n",16384,2048,16384,bf16,64,128,64,3,8,8,1,132,1,285.109375,3.856455536672549
ws,"n,n//8,n",16384,2048,16384,bf16,64,128,64,4,4,8,0,0,0,2.8522239526112876,385.49274041730405
persistent,"n,n//8,n",16384,2048,16384,bf16,64,128,64,4,4,8,1,132,0,0.0031137391681904376,353116.16303911083
ws,"n,n//8,n",16384,2048,16384,bf16,64,128,64,4,4,8,0,0,0,2.884085257848104,381.234093126767
persistent,"n,n//8,n",16384,2048,16384,bf16,64,128,64,4,4,8,1,132,1,306.6443786621094,3.5856246006307813
ws,"n,n//8,n",16384,2048,16384,bf16,64,128,64,4,8,8,0,0,0,2.8912106355031333,380.2945431489329
persistent,"n,n//8,n",16384,2048,16384,bf16,64,128,64,4,8,8,1,132,0,0.003104278303520835,354192.3501281915
ws,"n,n//8,n",16384,2048,16384,bf16,64,128,64,4,8,8,0,0,0,2.9311040242513022,375.11859650114275
persistent,"n,n//8,n",16384,2048,16384,bf16,64,128,64,4,8,8,1,132,1,232.43653869628906,4.730373434155574
ws,"n,n//8,n",16384,2048,16384,bf16,64,128,64,5,4,8,0,0,0,2.444111943244934,449.8614029585852
persistent,"n,n//8,n",16384,2048,16384,bf16,64,128,64,5,4,8,1,132,0,0.0031248695945934107,351858.40384454885
ws,"n,n//8,n",16384,2048,16384,bf16,64,128,64,5,4,8,0,0,0,2.3860373497009277,460.8107362249865
persistent,"n,n//8,n",16384,2048,16384,bf16,64,128,64,5,4,8,1,132,1,307.3599548339844,3.5772767742950893
ws,"n,n//8,n",16384,2048,16384,bf16,64,128,64,5,8,8,0,0,0,3.104970614115397,354.1133763963978
persistent,"n,n//8,n",16384,2048,16384,bf16,64,128,64,5,8,8,1,132,0,0.0031034435145556928,354287.6236087747
ws,"n,n//8,n",16384,2048,16384,bf16,64,128,64,5,8,8,0,0,0,3.1077119509379068,353.8010102397578
persistent,"n,n//8,n",16384,2048,16384,bf16,64,128,64,5,8,8,1,132,1,215.63113403320312,5.09903930480974
ws,"n,n//8,n",16384,2048,16384,bf16,128,64,64,2,4,8,0,0,0,2.9798293908437095,368.98475837392954
persistent,"n,n//8,n",16384,2048,16384,bf16,128,64,64,2,4,8,1,132,0,0.003091200048346882,355690.8678116769
ws,"n,n//8,n",16384,2048,16384,bf16,128,64,64,2,4,8,0,0,0,2.9485226472218833,372.90255471226135
persistent,"n,n//8,n",16384,2048,16384,bf16,128,64,64,2,4,8,1,132,1,427.8826599121094,2.5696568961262622
ws,"n,n//8,n",16384,2048,16384,bf16,128,64,64,2,8,8,0,0,0,3.0182613531748452,364.28642159150564
persistent,"n,n//8,n",16384,2048,16384,bf16,128,64,64,2,8,8,1,132,0,0.00309926961629611,354764.7555394066
ws,"n,n//8,n",16384,2048,16384,bf16,128,64,64,2,8,8,0,0,0,3.008490721384684,365.4695093325534
persistent,"n,n//8,n",16384,2048,16384,bf16,128,64,64,2,8,8,1,132,1,681.7407836914062,1.6128001347117589
ws,"n,n//8,n",16384,2048,16384,bf16,128,64,64,3,4,8,0,0,0,3.0025280316670737,366.19529149425637
persistent,"n,n//8,n",16384,2048,16384,bf16,128,64,64,3,4,8,1,132,0,0.0031098435146977074,353558.5062655084
ws,"n,n//8,n",16384,2048,16384,bf16,128,64,64,3,4,8,0,0,0,3.0115413665771484,365.09929432770195
persistent,"n,n//8,n",16384,2048,16384,bf16,128,64,64,3,4,8,1,132,1,303.0262145996094,3.6284373258887594
ws,"n,n//8,n",16384,2048,16384,bf16,128,64,64,3,8,8,0,0,0,3.0185919602711997,364.2465236266038
persistent,"n,n//8,n",16384,2048,16384,bf16,128,64,64,3,8,8,1,132,0,0.0031142069351987847,353063.12350300397
ws,"n,n//8,n",16384,2048,16384,bf16,128,64,64,3,8,8,0,0,0,3.0353386402130127,362.23688955471505
persistent,"n,n//8,n",16384,2048,16384,bf16,128,64,64,3,8,8,1,132,1,348.74090576171875,3.152803727955143
ws,"n,n//8,n",16384,2048,16384,bf16,128,64,64,4,4,8,0,0,0,3.0296640396118164,362.9153640140501
persistent,"n,n//8,n",16384,2048,16384,bf16,128,64,64,4,4,8,1,132,0,0.0031115130906033774,353368.79381818225
ws,"n,n//8,n",16384,2048,16384,bf16,128,64,64,4,4,8,0,0,0,3.0147413412729898,364.71176240669644
persistent,"n,n//8,n",16384,2048,16384,bf16,128,64,64,4,4,8,1,132,1,253.25485229492188,4.3415224538149815
ws,"n,n//8,n",16384,2048,16384,bf16,128,64,64,4,8,8,0,0,0,3.0358187357584634,362.1796040801165
persistent,"n,n//8,n",16384,2048,16384,bf16,128,64,64,4,8,8,1,132,0,0.0031042783055454494,354192.3498971868
ws,"n,n//8,n",16384,2048,16384,bf16,128,64,64,4,8,8,0,0,0,3.0254507064819336,363.420770802952
persistent,"n,n//8,n",16384,2048,16384,bf16,128,64,64,4,8,8,1,132,1,251.4163818359375,4.373269632419933
ws,"n,n//8,n",16384,2048,16384,bf16,128,64,64,5,4,8,0,0,0,2.94813863436381,372.9511275216092
persistent,"n,n//8,n",16384,2048,16384,bf16,128,64,64,5,4,8,1,132,0,0.003100382645978876,354637.39587177767
ws,"n,n//8,n",16384,2048,16384,bf16,128,64,64,5,4,8,0,0,0,2.960362672805786,371.4111240072824
ws,"n,n//8,n",16384,2048,16384,bf16,128,64,64,5,8,8,0,0,0,2.923744042714437,376.06288776058557
persistent,"n,n//8,n",16384,2048,16384,bf16,128,64,64,5,8,8,1,132,0,0.0030937043889223232,355402.93756347214
ws,"n,n//8,n",16384,2048,16384,bf16,128,64,64,5,8,8,0,0,0,2.9432000319163003,373.57692846317155
persistent,"n,n//8,n",16384,2048,16384,bf16,128,64,64,5,8,8,1,132,1,217.9877471923828,5.043914816026965
ws,"n,n//8,n",16384,2048,16384,bf16,128,128,64,2,4,8,0,0,0,1.8552704095840453,592.6422488582202
persistent,"n,n//8,n",16384,2048,16384,bf16,128,128,64,2,4,8,1,132,0,0.0031006609089672564,354605.56960490614
ws,"n,n//8,n",16384,2048,16384,bf16,128,128,64,2,4,8,0,0,0,1.9010240077972411,578.3786124037583
persistent,"n,n//8,n",16384,2048,16384,bf16,128,128,64,2,4,8,1,132,1,253.22364807128906,4.342057450599791
ws,"n,n//8,n",16384,2048,16384,bf16,128,128,64,2,8,8,0,0,0,2.3517839908599854,467.52237112301185
persistent,"n,n//8,n",16384,2048,16384,bf16,128,128,64,2,8,8,1,132,0,0.003095095701839613,355243.17620372446
ws,"n,n//8,n",16384,2048,16384,bf16,128,128,64,2,8,8,0,0,0,2.356063961982727,466.6730808321157
persistent,"n,n//8,n",16384,2048,16384,bf16,128,128,64,2,8,8,1,132,1,346.9960021972656,3.1686579119460077
ws,"n,n//8,n",16384,2048,16384,bf16,128,128,64,3,4,8,0,0,0,1.9532079994678497,562.926031470054
persistent,"n,n//8,n",16384,2048,16384,bf16,128,128,64,3,4,8,1,132,0,0.0030923130942265625,355562.8405897255
ws,"n,n//8,n",16384,2048,16384,bf16,128,128,64,3,4,8,0,0,0,1.9909200072288513,552.2630863037049
persistent,"n,n//8,n",16384,2048,16384,bf16,128,128,64,3,4,8,1,132,1,172.64559936523438,6.368605002493962
ws,"n,n//8,n",16384,2048,16384,bf16,128,128,64,3,8,8,0,0,0,2.0461920499801636,537.3452740111363
persistent,"n,n//8,n",16384,2048,16384,bf16,128,128,64,3,8,8,1,132,0,0.0030987586581212438,354823.2531418327
ws,"n,n//8,n",16384,2048,16384,bf16,128,128,64,3,8,8,0,0,0,2.0547279715538025,535.1129896501775
persistent,"n,n//8,n",16384,2048,16384,bf16,128,128,64,3,8,8,1,132,1,180.6741180419922,6.085606724923667
ws,"n,n//8,n",16384,2048,16384,bf16,128,128,64,4,4,8,0,0,0,1.7014208078384399,646.2314453370699
persistent,"n,n//8,n",16384,2048,16384,bf16,128,128,64,4,4,8,1,132,0,0.003101773948773094,354478.3230289595
ws,"n,n//8,n",16384,2048,16384,bf16,128,128,64,4,4,8,0,0,0,1.6972480058670043,647.8202501786633
persistent,"n,n//8,n",16384,2048,16384,bf16,128,128,64,4,4,8,1,132,1,156.4220428466797,7.0291348186374805
ws,"n,n//8,n",16384,2048,16384,bf16,128,128,64,4,8,8,0,0,0,2.0088160634040833,547.3431081155328
persistent,"n,n//8,n",16384,2048,16384,bf16,128,128,64,4,8,8,1,132,0,0.0030985714609934284,354844.6894374633
ws,"n,n//8,n",16384,2048,16384,bf16,128,128,64,4,8,8,0,0,0,2.0651280283927917,532.41814195496
persistent,"n,n//8,n",16384,2048,16384,bf16,128,128,64,4,8,8,1,132,1,153.79481506347656,7.149211287273844
ws,"n,n//8,n",16384,2048,16384,bf16,128,128,64,5,4,8,0,0,0,1.8504767894744873,594.1774757889548
persistent,"n,n//8,n",16384,2048,16384,bf16,128,128,64,5,4,8,1,132,0,0.0031098435106484785,353558.5067258657
ws,"n,n//8,n",16384,2048,16384,bf16,128,128,64,5,4,8,0,0,0,1.8714240074157715,587.5267301365357
ws,"n,n//8,n",16384,2048,16384,bf16,128,128,64,5,8,8,0,0,0,2.0060640573501587,548.0939772323932
persistent,"n,n//8,n",16384,2048,16384,bf16,128,128,64,5,8,8,1,132,0,0.0031053913534497437,354065.39873132744
ws,"n,n//8,n",16384,2048,16384,bf16,128,128,64,5,8,8,0,0,0,1.9957039952278137,550.9392326743769
persistent,"n,n//8,n",16384,2048,16384,bf16,128,128,64,5,8,8,1,132,1,153.59840393066406,7.158353209661808
ws,"n,n//8,n",16384,2048,16384,bf16,256,64,64,2,4,8,0,0,0,2.9247146447499595,375.93808672914133
persistent,"n,n//8,n",16384,2048,16384,bf16,256,64,64,2,4,8,1,132,0,0.0030948174348020036,355275.1174953695
ws,"n,n//8,n",16384,2048,16384,bf16,256,64,64,2,4,8,0,0,0,2.8930240472157798,380.0561660848136
persistent,"n,n//8,n",16384,2048,16384,bf16,256,64,64,2,4,8,1,132,1,270.08392333984375,4.070999910618508
ws,"n,n//8,n",16384,2048,16384,bf16,256,64,64,2,8,8,0,0,0,2.917301336924235,376.89340276902476
persistent,"n,n//8,n",16384,2048,16384,bf16,256,64,64,2,8,8,1,132,0,0.003100939167906409,354573.749512904
ws,"n,n//8,n",16384,2048,16384,bf16,256,64,64,2,8,8,0,0,0,2.9066879749298096,378.26957597763857
persistent,"n,n//8,n",16384,2048,16384,bf16,256,64,64,2,8,8,1,132,1,503.70855712890625,2.1828329342727826
ws,"n,n//8,n",16384,2048,16384,bf16,256,64,64,3,4,8,0,0,0,2.905898650487264,378.3723247167043
persistent,"n,n//8,n",16384,2048,16384,bf16,256,64,64,3,4,8,1,132,0,0.0030943448715522117,355329.37452587613
ws,"n,n//8,n",16384,2048,16384,bf16,256,64,64,3,4,8,0,0,0,2.896181344985962,379.6418444858567
persistent,"n,n//8,n",16384,2048,16384,bf16,256,64,64,3,4,8,1,132,1,183.45689392089844,5.993296868146471
ws,"n,n//8,n",16384,2048,16384,bf16,256,64,64,3,8,8,0,0,0,2.9219199816385903,376.2976517787466
persistent,"n,n//8,n",16384,2048,16384,bf16,256,64,64,3,8,8,1,132,0,0.003110400034600626,353495.2467672464
ws,"n,n//8,n",16384,2048,16384,bf16,256,64,64,3,8,8,0,0,0,2.924095948537191,376.01762976554926
persistent,"n,n//8,n",16384,2048,16384,bf16,256,64,64,3,8,8,1,132,1,246.56092834472656,4.459391174252595
ws,"n,n//8,n",16384,2048,16384,bf16,256,64,64,4,4,8,0,0,0,2.5399359862009683,432.88950341640736
persistent,"n,n//8,n",16384,2048,16384,bf16,256,64,64,4,4,8,1,132,0,0.003096208747719293,355115.4710049554
ws,"n,n//8,n",16384,2048,16384,bf16,256,64,64,4,4,8,0,0,0,2.5339840253194175,433.9062980625549
persistent,"n,n//8,n",16384,2048,16384,bf16,256,64,64,4,4,8,1,132,1,159.52479553222656,6.892418348556235
ws,"n,n//8,n",16384,2048,16384,bf16,256,64,64,4,8,8,0,0,0,2.5740479628245034,427.15273516873617
persistent,"n,n//8,n",16384,2048,16384,bf16,256,64,64,4,8,8,1,132,0,0.003097878305403435,354924.086546005
ws,"n,n//8,n",16384,2048,16384,bf16,256,64,64,4,8,8,0,0,0,2.541813373565674,432.5697705467641
persistent,"n,n//8,n",16384,2048,16384,bf16,256,64,64,4,8,8,1,132,1,174.15219116210938,6.313510157058666
ws,"n,n//8,n",16384,2048,16384,bf16,256,128,64,2,4,8,0,0,0,6.614336013793945,166.23159535333713
persistent,"n,n//8,n",16384,2048,16384,bf16,256,128,64,2,4,8,1,132,0,0.003109008733831022,353653.4380915508
ws,"n,n//8,n",16384,2048,16384,bf16,256,128,64,2,4,8,0,0,0,6.745535850524902,162.99841141463088
persistent,"n,n//8,n",16384,2048,16384,bf16,256,128,64,2,4,8,1,132,1,160.82537841796875,6.836679873486641
ws,"n,n//8,n",16384,2048,16384,bf16,256,128,64,2,8,8,0,0,0,3.2861440181732178,334.5902132394135
persistent,"n,n//8,n",16384,2048,16384,bf16,256,128,64,2,8,8,1,132,0,0.003127930477342528,351514.0875861598
ws,"n,n//8,n",16384,2048,16384,bf16,256,128,64,2,8,8,0,0,0,3.29750394821167,333.4375470186461
persistent,"n,n//8,n",16384,2048,16384,bf16,256,128,64,2,8,8,1,132,1,286.58709716796875,3.836570587585023
ws,"n,n//8,n",16384,2048,16384,bf16,256,128,64,3,4,8,0,0,0,7.077824115753174,155.34599472863525
persistent,"n,n//8,n",16384,2048,16384,bf16,256,128,64,3,4,8,1,132,0,0.003105947879426505,354001.9570383191
ws,"n,n//8,n",16384,2048,16384,bf16,256,128,64,3,4,8,0,0,0,7.097663879394531,154.91176342796808
persistent,"n,n//8,n",16384,2048,16384,bf16,256,128,64,3,4,8,1,132,1,152.09222412109375,7.229242876352337
ws,"n,n//8,n",16384,2048,16384,bf16,256,128,64,3,8,8,0,0,0,1.7077567815780639,643.8338524763398
persistent,"n,n//8,n",16384,2048,16384,bf16,256,128,64,3,8,8,1,132,0,0.00310566960024121,354033.67688906874
ws,"n,n//8,n",16384,2048,16384,bf16,256,128,64,3,8,8,0,0,0,1.707692813873291,643.8579695619558
persistent,"n,n//8,n",16384,2048,16384,bf16,256,128,64,3,8,8,1,132,1,153.5187225341797,7.162068636489615
ws,"n,n,n//8",32768,32768,4096,bf16,64,64,64,2,4,8,0,0,0,33.291072845458984,264.21776982197247
persistent,"n,n,n//8",32768,32768,4096,bf16,64,64,64,2,4,8,1,132,0,0.00312240710852882,2817087.1755260774
ws,"n,n,n//8",32768,32768,4096,bf16,64,64,64,2,4,8,0,0,0,33.28847885131836,264.2383589077588
persistent,"n,n,n//8",32768,32768,4096,bf16,64,64,64,2,4,8,1,132,1,4924.1494140625,1.786317246403595
ws,"n,n,n//8",32768,32768,4096,bf16,64,64,64,2,8,8,0,0,0,32.98371124267578,266.679906257099
persistent,"n,n,n//8",32768,32768,4096,bf16,64,64,64,2,8,8,1,132,0,0.0031000702180327814,2837385.092454376
ws,"n,n,n//8",32768,32768,4096,bf16,64,64,64,2,8,8,0,0,0,32.991905212402344,266.6136728260654
persistent,"n,n,n//8",32768,32768,4096,bf16,64,64,64,2,8,8,1,132,1,6993.98681640625,1.2576650847517232
ws,"n,n,n//8",32768,32768,4096,bf16,64,64,64,3,4,8,0,0,0,33.04220962524414,266.20777248165064
persistent,"n,n,n//8",32768,32768,4096,bf16,64,64,64,3,4,8,1,132,0,0.0030974867646541217,2839751.608491605
ws,"n,n,n//8",32768,32768,4096,bf16,64,64,64,3,4,8,0,0,0,33.06118392944336,266.054991889581
persistent,"n,n,n//8",32768,32768,4096,bf16,64,64,64,3,4,8,1,132,1,3500.089599609375,2.5131050997064994
ws,"n,n,n//8",32768,32768,4096,bf16,64,64,64,3,8,8,0,0,0,32.98003387451172,266.70964182987
persistent,"n,n,n//8",32768,32768,4096,bf16,64,64,64,3,8,8,1,132,0,0.003098947400423257,2838413.140218715
ws,"n,n,n//8",32768,32768,4096,bf16,64,64,64,3,8,8,0,0,0,32.9835205078125,266.68144839555714
persistent,"n,n,n//8",32768,32768,4096,bf16,64,64,64,3,8,8,1,132,1,3618.91162109375,2.430590725382108
ws,"n,n,n//8",32768,32768,4096,bf16,64,64,64,4,4,8,0,0,0,33.006752014160156,266.49374705013105
persistent,"n,n,n//8",32768,32768,4096,bf16,64,64,64,4,4,8,1,132,0,0.003094175483279845,2842790.6140876296
ws,"n,n,n//8",32768,32768,4096,bf16,64,64,64,4,4,8,0,0,0,33.051326751708984,266.1343397282283
persistent,"n,n,n//8",32768,32768,4096,bf16,64,64,64,4,4,8,1,132,1,3253.7734375,2.7033514137254677
ws,"n,n,n//8",32768,32768,4096,bf16,64,64,64,4,8,8,0,0,0,32.932064056396484,267.0981389792211
persistent,"n,n,n//8",32768,32768,4096,bf16,64,64,64,4,8,8,1,132,0,0.0031045664068871893,2833275.848986414
ws,"n,n,n//8",32768,32768,4096,bf16,64,64,64,4,8,8,0,0,0,32.93382263183594,267.0838766741014
persistent,"n,n,n//8",32768,32768,4096,bf16,64,64,64,4,8,8,1,132,1,3432.271240234375,2.5627616253333616
ws,"n,n,n//8",32768,32768,4096,bf16,64,64,64,5,4,8,0,0,0,33.05430221557617,266.1103829946535
persistent,"n,n,n//8",32768,32768,4096,bf16,64,64,64,5,4,8,1,132,0,0.003095787657276455,2841310.191780542
ws,"n,n,n//8",32768,32768,4096,bf16,64,64,64,5,4,8,0,0,0,33.051422119140625,266.13357181729367
persistent,"n,n,n//8",32768,32768,4096,bf16,64,64,64,5,4,8,1,132,1,3266.762451171875,2.692602585490294
ws,"n,n,n//8",32768,32768,4096,bf16,64,64,64,5,8,8,0,0,0,32.73932647705078,268.67055522274654
persistent,"n,n,n//8",32768,32768,4096,bf16,64,64,64,5,8,8,1,132,0,0.003102596530592755,2835074.730302588
ws,"n,n,n//8",32768,32768,4096,bf16,64,64,64,5,8,8,0,0,0,32.76457595825195,268.4635086813218
persistent,"n,n,n//8",32768,32768,4096,bf16,64,64,64,5,8,8,1,132,1,3368.46337890625,2.6113073032915435
ws,"n,n,n//8",32768,32768,4096,bf16,64,128,64,2,4,8,0,0,0,24.53046417236328,358.5783359174234
persistent,"n,n,n//8",32768,32768,4096,bf16,64,128,64,2,4,8,1,132,0,0.0031023304727252413,2835317.868144806
ws,"n,n,n//8",32768,32768,4096,bf16,64,128,64,2,4,8,0,0,0,24.57481575012207,357.93118905334245
persistent,"n,n,n//8",32768,32768,4096,bf16,64,128,64,2,4,8,1,132,1,3327.531005859375,2.643429319432082
ws,"n,n,n//8",32768,32768,4096,bf16,64,128,64,2,8,8,0,0,0,25.2076473236084,348.9454176062658
persistent,"n,n,n//8",32768,32768,4096,bf16,64,128,64,2,8,8,1,132,0,0.0031040000500516932,2833792.8093981543
ws,"n,n,n//8",32768,32768,4096,bf16,64,128,64,2,8,8,0,0,0,25.176063537597656,349.38317537497517
persistent,"n,n,n//8",32768,32768,4096,bf16,64,128,64,2,8,8,1,132,1,3773.09375,2.331268079996157
ws,"n,n,n//8",32768,32768,4096,bf16,64,128,64,3,4,8,0,0,0,24.699840545654297,356.1194253845331
persistent,"n,n,n//8",32768,32768,4096,bf16,64,128,64,3,4,8,1,132,0,0.0031003509096703247,2837128.20854312
ws,"n,n,n//8",32768,32768,4096,bf16,64,128,64,3,4,8,0,0,0,24.701919555664062,356.0894529830613
persistent,"n,n,n//8",32768,32768,4096,bf16,64,128,64,3,4,8,1,132,1,2963.1201171875,2.9685239458186303
ws,"n,n,n//8",32768,32768,4096,bf16,64,128,64,3,8,8,0,0,0,24.805952072143555,354.5960661629184
persistent,"n,n,n//8",32768,32768,4096,bf16,64,128,64,3,8,8,1,132,0,0.0031082478199417874,2829920.1131178583
ws,"n,n,n//8",32768,32768,4096,bf16,64,128,64,3,8,8,0,0,0,24.82383918762207,354.34055770849506
persistent,"n,n,n//8",32768,32768,4096,bf16,64,128,64,3,8,8,1,132,1,1938.45703125,4.537677586041669
ws,"n,n,n//8",32768,32768,4096,bf16,64,128,64,4,4,8,0,0,0,24.678815841674805,356.422815366779
persistent,"n,n,n//8",32768,32768,4096,bf16,64,128,64,4,4,8,1,132,0,0.0031009123276657703,2836614.5484768706
ws,"n,n,n//8",32768,32768,4096,bf16,64,128,64,4,4,8,0,0,0,24.67375946044922,356.49585691664413
persistent,"n,n,n//8",32768,32768,4096,bf16,64,128,64,4,4,8,1,132,1,2565.5810546875,3.4284993670875874
ws,"n,n,n//8",32768,32768,4096,bf16,64,128,64,4,8,8,0,0,0,24.665664672851562,356.6128518681064
persistent,"n,n,n//8",32768,32768,4096,bf16,64,128,64,4,8,8,1,132,0,0.0031212522061136753,2818129.533069731
ws,"n,n,n//8",32768,32768,4096,bf16,64,128,64,4,8,8,0,0,0,24.694944381713867,356.1900317022515
persistent,"n,n,n//8",32768,32768,4096,bf16,64,128,64,4,8,8,1,132,1,1904.539794921875,4.618487387694002
ws,"n,n,n//8",32768,32768,4096,bf16,64,128,64,5,4,8,0,0,0,21.887487411499023,401.8776964589731
persistent,"n,n,n//8",32768,32768,4096,bf16,64,128,64,5,4,8,1,132,0,0.0031062456648470018,2831744.1604031185
ws,"n,n,n//8",32768,32768,4096,bf16,64,128,64,5,4,8,0,0,0,21.923263549804688,401.2218802289755
persistent,"n,n,n//8",32768,32768,4096,bf16,64,128,64,5,4,8,1,132,1,2601.99853515625,3.380514209889743
ws,"n,n,n//8",32768,32768,4096,bf16,64,128,64,5,8,8,0,0,0,27.580320358276367,318.92642681245894
persistent,"n,n,n//8",32768,32768,4096,bf16,64,128,64,5,8,8,1,132,0,0.00309676525749914,2840413.234715593
ws,"n,n,n//8",32768,32768,4096,bf16,64,128,64,5,8,8,0,0,0,27.77257537841797,316.7186658909361
persistent,"n,n,n//8",32768,32768,4096,bf16,64,128,64,5,8,8,1,132,1,1864.9091796875,4.7166334521887805
ws,"n,n,n//8",32768,32768,4096,bf16,128,64,64,2,4,8,0,0,0,25.104000091552734,350.3861133735338
persistent,"n,n,n//8",32768,32768,4096,bf16,128,64,64,2,4,8,1,132,0,0.0031045565604353727,2833284.83504081
ws,"n,n,n//8",32768,32768,4096,bf16,128,64,64,2,4,8,0,0,0,25.113279342651367,350.256647178255
persistent,"n,n,n//8",32768,32768,4096,bf16,128,64,64,2,4,8,1,132,1,2576.525390625,3.4139360916890826
ws,"n,n,n//8",32768,32768,4096,bf16,128,64,64,2,8,8,0,0,0,25.22662353515625,348.68293055349307
persistent,"n,n,n//8",32768,32768,4096,bf16,128,64,64,2,8,8,1,132,0,0.0030962087456946788,2840923.7698973264
ws,"n,n,n//8",32768,32768,4096,bf16,128,64,64,2,8,8,0,0,0,25.205440521240234,348.9759686919841
persistent,"n,n,n//8",32768,32768,4096,bf16,128,64,64,2,8,8,1,132,1,3696.968017578125,2.3792721441962326
ws,"n,n,n//8",32768,32768,4096,bf16,128,64,64,3,4,8,0,0,0,24.862911224365234,353.7837119246107
persistent,"n,n,n//8",32768,32768,4096,bf16,128,64,64,3,4,8,1,132,0,0.003105947855131134,2832015.6784591693
ws,"n,n,n//8",32768,32768,4096,bf16,128,64,64,3,4,8,0,0,0,24.87923240661621,353.5516240392058
persistent,"n,n,n//8",32768,32768,4096,bf16,128,64,64,3,4,8,1,132,1,2278.6689453125,3.8601890986852814
ws,"n,n,n//8",32768,32768,4096,bf16,128,64,64,3,8,8,0,0,0,24.853759765625,353.91397942028044
persistent,"n,n,n//8",32768,32768,4096,bf16,128,64,64,3,8,8,1,132,0,0.003115508805453908,2823324.7188420226
ws,"n,n,n//8",32768,32768,4096,bf16,128,64,64,3,8,8,0,0,0,24.863231658935547,353.77915239939415
persistent,"n,n,n//8",32768,32768,4096,bf16,128,64,64,3,8,8,1,132,1,1935.8897705078125,4.54369518151886
ws,"n,n,n//8",32768,32768,4096,bf16,128,64,64,4,4,8,0,0,0,24.944576263427734,352.6254737429359
persistent,"n,n,n//8",32768,32768,4096,bf16,128,64,64,4,4,8,1,132,0,0.0031166316210210583,2822307.5717002
ws,"n,n,n//8",32768,32768,4096,bf16,128,64,64,4,4,8,0,0,0,24.952768325805664,352.5097058313668
persistent,"n,n,n//8",32768,32768,4096,bf16,128,64,64,4,4,8,1,132,1,2086.631103515625,4.21545188672212
ws,"n,n,n//8",32768,32768,4096,bf16,128,64,64,4,8,8,0,0,0,24.879743576049805,353.54436010648664
persistent,"n,n,n//8",32768,32768,4096,bf16,128,64,64,4,8,8,1,132,0,0.003095652213644074,2841434.507222503
ws,"n,n,n//8",32768,32768,4096,bf16,128,64,64,4,8,8,0,0,0,24.883167266845703,353.4957157133249
persistent,"n,n,n//8",32768,32768,4096,bf16,128,64,64,4,8,8,1,132,1,1885.997802734375,4.663893568409871
ws,"n,n,n//8",32768,32768,4096,bf16,128,64,64,5,4,8,0,0,0,24.909791946411133,353.11788396832804
persistent,"n,n,n//8",32768,32768,4096,bf16,128,64,64,5,4,8,1,132,0,0.0031014956878093274,2836081.009811407
ws,"n,n,n//8",32768,32768,4096,bf16,128,64,64,5,4,8,0,0,0,24.94767951965332,352.5816104571409
ws,"n,n,n//8",32768,32768,4096,bf16,128,64,64,5,8,8,0,0,0,24.747743606567383,355.4301015092849
persistent,"n,n,n//8",32768,32768,4096,bf16,128,64,64,5,8,8,1,132,0,0.003097543907515182,2839699.2213305333
ws,"n,n,n//8",32768,32768,4096,bf16,128,64,64,5,8,8,0,0,0,24.7857608795166,354.8849303019481
persistent,"n,n,n//8",32768,32768,4096,bf16,128,64,64,5,8,8,1,132,1,1852.418701171875,4.7484367419975975
ws,"n,n,n//8",32768,32768,4096,bf16,128,128,64,2,4,8,0,0,0,16.60688018798828,529.6655917690183
persistent,"n,n,n//8",32768,32768,4096,bf16,128,128,64,2,4,8,1,132,0,0.003106504391230967,2831508.317528084
ws,"n,n,n//8",32768,32768,4096,bf16,128,128,64,2,4,8,0,0,0,16.569503784179688,530.8603767969428
persistent,"n,n,n//8",32768,32768,4096,bf16,128,128,64,2,4,8,1,132,1,1672.611083984375,5.258899158586569
ws,"n,n,n//8",32768,32768,4096,bf16,128,128,64,2,8,8,0,0,0,20.033344268798828,439.07262333167114
persistent,"n,n,n//8",32768,32768,4096,bf16,128,128,64,2,8,8,1,132,0,0.00310054057705644,2836954.6547133876
ws,"n,n,n//8",32768,32768,4096,bf16,128,128,64,2,8,8,0,0,0,20.151424407958984,436.4998148088184
persistent,"n,n,n//8",32768,32768,4096,bf16,128,128,64,2,8,8,1,132,1,2098.911376953125,4.1907881956296835
ws,"n,n,n//8",32768,32768,4096,bf16,128,128,64,3,4,8,0,0,0,16.667871475219727,527.7274327010039
persistent,"n,n,n//8",32768,32768,4096,bf16,128,128,64,3,4,8,1,132,0,0.0031139115304315247,2824772.9379097163
ws,"n,n,n//8",32768,32768,4096,bf16,128,128,64,3,4,8,0,0,0,16.68454360961914,527.2000977681396
persistent,"n,n,n//8",32768,32768,4096,bf16,128,128,64,3,4,8,1,132,1,1508.3321533203125,5.831668444410629
ws,"n,n,n//8",32768,32768,4096,bf16,128,128,64,3,8,8,0,0,0,17.001184463500977,517.3811884161312
persistent,"n,n,n//8",32768,32768,4096,bf16,128,128,64,3,8,8,1,132,0,0.003104278303520835,2833538.801025532
ws,"n,n,n//8",32768,32768,4096,bf16,128,128,64,3,8,8,0,0,0,16.99283218383789,517.6354904848694
persistent,"n,n,n//8",32768,32768,4096,bf16,128,128,64,3,8,8,1,132,1,1359.0697021484375,6.4721426784093605
ws,"n,n,n//8",32768,32768,4096,bf16,128,128,64,4,4,8,0,0,0,15.760255813598633,558.118670549646
persistent,"n,n,n//8",32768,32768,4096,bf16,128,128,64,4,4,8,1,132,0,0.0031062456648470018,2831744.1604031185
ws,"n,n,n//8",32768,32768,4096,bf16,128,128,64,4,4,8,0,0,0,15.779168128967285,557.4497305761129
persistent,"n,n,n//8",32768,32768,4096,bf16,128,128,64,4,4,8,1,132,1,1293.7083740234375,6.799131240723224
ws,"n,n,n//8",32768,32768,4096,bf16,128,128,64,4,8,8,0,0,0,18.761184692382812,468.84528703452725
persistent,"n,n,n//8",32768,32768,4096,bf16,128,128,64,4,8,8,1,132,0,0.003105403557256387,2832512.0584260924
ws,"n,n,n//8",32768,32768,4096,bf16,128,128,64,4,8,8,0,0,0,18.78553581237793,468.2375371168379
persistent,"n,n,n//8",32768,32768,4096,bf16,128,128,64,4,8,8,1,132,1,1290.54638671875,6.8157898954506475
ws,"n,n,n//8",32768,32768,4096,bf16,128,128,64,5,4,8,0,0,0,16.361631393432617,537.6048885772269
persistent,"n,n,n//8",32768,32768,4096,bf16,128,128,64,5,4,8,1,132,0,0.003108173967136637,2829987.3543794206
ws,"n,n,n//8",32768,32768,4096,bf16,128,128,64,5,4,8,0,0,0,16.346336364746094,538.1079176358078
ws,"n,n,n//8",32768,32768,4096,bf16,128,128,64,5,8,8,0,0,0,18.899168014526367,465.42223527761143
persistent,"n,n,n//8",32768,32768,4096,bf16,128,128,64,5,8,8,1,132,0,0.0031258947820517057,2813944.0497848797
ws,"n,n,n//8",32768,32768,4096,bf16,128,128,64,5,8,8,0,0,0,18.8787841796875,465.9247618113086
persistent,"n,n,n//8",32768,32768,4096,bf16,128,128,64,5,8,8,1,132,1,1294.3709716796875,6.7956507173468435
ws,"n,n,n//8",32768,32768,4096,bf16,256,64,64,2,4,8,0,0,0,23.104511260986328,380.7088980523406
persistent,"n,n,n//8",32768,32768,4096,bf16,256,64,64,2,4,8,1,132,0,0.003110285750673419,2828065.884397769
ws,"n,n,n//8",32768,32768,4096,bf16,256,64,64,2,4,8,0,0,0,23.13100814819336,380.2727907860348
persistent,"n,n,n//8",32768,32768,4096,bf16,256,64,64,2,4,8,1,132,1,1598.8211669921875,5.501611564697893
ws,"n,n,n//8",32768,32768,4096,bf16,256,64,64,2,8,8,0,0,0,23.054399490356445,381.53641893328717
persistent,"n,n,n//8",32768,32768,4096,bf16,256,64,64,2,8,8,1,132,0,0.003107649159797451,2830465.271305371
ws,"n,n,n//8",32768,32768,4096,bf16,256,64,64,2,8,8,0,0,0,23.147903442382812,379.9952355988635
persistent,"n,n,n//8",32768,32768,4096,bf16,256,64,64,2,8,8,1,132,1,2832.054931640625,3.105904805706708
ws,"n,n,n//8",32768,32768,4096,bf16,256,64,64,3,4,8,0,0,0,23.775423049926758,369.9657837312424
persistent,"n,n,n//8",32768,32768,4096,bf16,256,64,64,3,4,8,1,132,0,0.0031116460511807055,2826829.5550100715
ws,"n,n,n//8",32768,32768,4096,bf16,256,64,64,3,4,8,0,0,0,23.762144088745117,370.1725311216444
persistent,"n,n,n//8",32768,32768,4096,bf16,256,64,64,3,4,8,1,132,1,1419.132568359375,6.198217994797308
ws,"n,n,n//8",32768,32768,4096,bf16,256,64,64,3,8,8,0,0,0,23.6212158203125,372.3810446134619
persistent,"n,n,n//8",32768,32768,4096,bf16,256,64,64,3,8,8,1,132,0,0.0031088141979962853,2829404.5452691643
ws,"n,n,n//8",32768,32768,4096,bf16,256,64,64,3,8,8,0,0,0,23.628992080688477,372.25849465652317
persistent,"n,n,n//8",32768,32768,4096,bf16,256,64,64,3,8,8,1,132,1,1506.6949462890625,5.838005260369706
ws,"n,n,n//8",32768,32768,4096,bf16,256,64,64,4,4,8,0,0,0,21.508832931518555,408.952594044208
persistent,"n,n,n//8",32768,32768,4096,bf16,256,64,64,4,4,8,1,132,0,0.0031084912633033176,2829698.48622338
ws,"n,n,n//8",32768,32768,4096,bf16,256,64,64,4,4,8,0,0,0,21.535871505737305,408.43914860212
persistent,"n,n,n//8",32768,32768,4096,bf16,256,64,64,4,4,8,1,132,1,1376.7222900390625,6.38915566766804
ws,"n,n,n//8",32768,32768,4096,bf16,256,64,64,4,8,8,0,0,0,21.534528732299805,408.46461659570343
persistent,"n,n,n//8",32768,32768,4096,bf16,256,64,64,4,8,8,1,132,0,0.003096070834971239,2841050.315403947
ws,"n,n,n//8",32768,32768,4096,bf16,256,64,64,4,8,8,0,0,0,21.56470489501953,407.89303934502243
persistent,"n,n,n//8",32768,32768,4096,bf16,256,64,64,4,8,8,1,132,1,1491.437744140625,5.89772724792905
ws,"n,n,n//8",32768,32768,4096,bf16,256,128,64,2,4,8,0,0,0,48.21603012084961,182.43088450379054
persistent,"n,n,n//8",32768,32768,4096,bf16,256,128,64,2,4,8,1,132,0,0.003106548700201432,2831467.9314821786
ws,"n,n,n//8",32768,32768,4096,bf16,256,128,64,2,4,8,0,0,0,48.159423828125,182.64531265158328
persistent,"n,n,n//8",32768,32768,4096,bf16,256,128,64,2,4,8,1,132,1,1284.3465576171875,6.84869124306071
ws,"n,n,n//8",32768,32768,4096,bf16,256,128,64,2,8,8,0,0,0,25.02227210998535,351.53054780736096
persistent,"n,n,n//8",32768,32768,4096,bf16,256,128,64,2,8,8,1,132,0,0.0031031579404187048,2834561.8209239957
ws,"n,n,n//8",32768,32768,4096,bf16,256,128,64,2,8,8,0,0,0,25.226911544799805,348.6789497234829
persistent,"n,n,n//8",32768,32768,4096,bf16,256,128,64,2,8,8,1,132,1,1864.4256591796875,4.717856664812325
ws,"n,n,n//8",32768,32768,4096,bf16,256,128,64,3,4,8,0,0,0,54.97404861450195,160.00446108470936
persistent,"n,n,n//8",32768,32768,4096,bf16,256,128,64,3,4,8,1,132,0,0.0030931478750932475,2843735.0483745714
ws,"n,n,n//8",32768,32768,4096,bf16,256,128,64,3,4,8,0,0,0,55.06617736816406,159.73676479118322
ws,"n,n,n//8",32768,32768,4096,bf16,256,128,64,3,8,8,0,0,0,15.49027156829834,567.8462758657936
persistent,"n,n,n//8",32768,32768,4096,bf16,256,128,64,3,8,8,1,132,0,0.003107142902860817,2830926.448252263
ws,"n,n,n//8",32768,32768,4096,bf16,256,128,64,3,8,8,0,0,0,15.506400108337402,567.2556467492775
persistent,"n,n,n//8",32768,32768,4096,bf16,256,128,64,3,8,8,1,132,1,1272.40869140625,6.912946352548621
ws,"n,n//8,n",32768,4096,32768,bf16,64,64,64,2,4,8,0,0,0,31.44806480407715,279.70220352215796
persistent,"n,n//8,n",32768,4096,32768,bf16,64,64,64,2,4,8,1,132,0,0.003100540593837027,2836954.6393593666
